Date,Time,HomeTeam,AwayTeam,FTHG,FTAG,FTR,HTHG,HTAG,HTR
12/09/2020,17:45,Heerenveen,Willem II,2,0,H,1,0,H
12/09/2020,19:00,Zwolle,Feyenoord,0,2,A,0,1,A
12/09/2020,20:00,Twente,For Sittard,2,0,H,1,0,H
13/09/2020,11:15,FC Emmen,VVV Venlo,3,5,A,1,0,H
13/09/2020,13:30,Heracles,Den Haag,2,0,H,0,0,D
13/09/2020,13:30,Sparta Rotterdam,Ajax,0,1,A,0,1,A
13/09/2020,15:45,Groningen,PSV Eindhoven,1,3,A,0,1,A
13/09/2020,15:45,Waalwijk,Vitesse,0,1,A,0,1,A
18/09/2020,19:00,VVV Venlo,Utrecht,1,1,D,1,0,H
19/09/2020,15:30,AZ Alkmaar,Zwolle,1,1,D,0,1,A
19/09/2020,17:45,Vitesse,Sparta Rotterdam,2,0,H,1,0,H
19/09/2020,19:00,PSV Eindhoven,FC Emmen,2,1,H,1,0,H
19/09/2020,20:00,For Sittard,Heerenveen,1,3,A,0,3,A
20/09/2020,11:15,Den Haag,Groningen,0,1,A,0,1,A
20/09/2020,13:30,Feyenoord,Twente,1,1,D,1,1,D
20/09/2020,13:30,Willem II,Heracles,4,0,H,0,0,D
20/09/2020,15:45,Ajax,Waalwijk,3,0,H,2,0,H
25/09/2020,19:00,Twente,Groningen,3,1,H,2,0,H
26/09/2020,15:30,Zwolle,Sparta Rotterdam,4,0,H,1,0,H
26/09/2020,17:45,For Sittard,AZ Alkmaar,3,3,D,1,1,D
26/09/2020,19:00,Heerenveen,VVV Venlo,1,0,H,1,0,H
26/09/2020,20:00,Ajax,Vitesse,2,1,H,1,0,H
27/09/2020,11:15,Feyenoord,Den Haag,4,2,H,1,1,D
27/09/2020,13:30,Utrecht,Waalwijk,3,1,H,1,0,H
27/09/2020,15:45,FC Emmen,Willem II,1,1,D,1,1,D
27/09/2020,15:45,Heracles,PSV Eindhoven,1,1,D,1,0,H
02/10/2020,19:00,Utrecht,Heerenveen,1,1,D,1,1,D
03/10/2020,15:30,Vitesse,Heracles,3,0,H,2,0,H
03/10/2020,19:00,VVV Venlo,Den Haag,1,2,A,1,1,D
03/10/2020,20:00,Twente,FC Emmen,1,1,D,0,0,D
04/10/2020,11:15,Groningen,Ajax,1,0,H,0,0,D
04/10/2020,13:30,Sparta Rotterdam,AZ Alkmaar,4,4,D,0,4,A
04/10/2020,13:30,Willem II,Feyenoord,1,4,A,1,1,D
04/10/2020,15:45,PSV Eindhoven,For Sittard,2,0,H,1,0,H
17/10/2020,17:45,Heracles,Waalwijk,0,1,A,0,1,A
17/10/2020,19:00,AZ Alkmaar,VVV Venlo,2,2,D,2,0,H
17/10/2020,20:00,Willem II,Twente,0,3,A,0,1,A
18/10/2020,11:15,Feyenoord,Sparta Rotterdam,1,1,D,1,0,H
18/10/2020,13:30,Ajax,Heerenveen,5,1,H,3,0,H
18/10/2020,13:30,Den Haag,Vitesse,0,2,A,0,1,A
18/10/2020,15:45,Groningen,Utrecht,0,0,D,0,0,D
18/10/2020,15:45,Zwolle,PSV Eindhoven,0,3,A,0,3,A
18/10/2020,19:00,FC Emmen,For Sittard,2,2,D,0,2,A
21/10/2020,16:30,Waalwijk,Zwolle,1,1,D,0,0,D
24/10/2020,15:30,VVV Venlo,Ajax,0,13,A,0,4,A
24/10/2020,17:45,Utrecht,Twente,2,1,H,1,1,D
24/10/2020,19:00,Zwolle,Willem II,0,0,D,0,0,D
24/10/2020,20:00,Heerenveen,FC Emmen,4,0,H,2,0,H
25/10/2020,11:15,For Sittard,Groningen,1,3,A,0,2,A
25/10/2020,13:30,Sparta Rotterdam,Heracles,1,1,D,0,0,D
25/10/2020,13:30,Vitesse,PSV Eindhoven,2,1,H,1,0,H
25/10/2020,15:45,Waalwijk,Feyenoord,2,2,D,0,0,D
25/10/2020,19:00,Den Haag,AZ Alkmaar,2,2,D,0,1,A
31/10/2020,17:45,Twente,Zwolle,5,1,H,3,0,H
31/10/2020,19:00,Ajax,For Sittard,5,2,H,2,1,H
31/10/2020,19:00,Groningen,VVV Venlo,2,1,H,1,0,H
31/10/2020,20:00,Willem II,Vitesse,1,3,A,1,0,H
01/11/2020,11:15,Heracles,Utrecht,4,1,H,2,0,H
01/11/2020,13:30,FC Emmen,Feyenoord,2,3,A,2,2,D
01/11/2020,13:30,Sparta Rotterdam,Heerenveen,1,4,A,0,3,A
01/11/2020,15:45,PSV Eindhoven,Den Haag,4,0,H,1,0,H
01/11/2020,19:00,AZ Alkmaar,Waalwijk,3,0,H,1,0,H
06/11/2020,19:00,For Sittard,Zwolle,2,2,D,2,1,H
07/11/2020,15:30,Den Haag,Twente,2,4,A,0,1,A
07/11/2020,17:45,VVV Venlo,Heracles,3,2,H,0,1,A
07/11/2020,20:00,Waalwijk,Sparta Rotterdam,0,2,A,0,0,D
08/11/2020,11:15,Utrecht,Ajax,0,3,A,0,0,D
08/11/2020,13:30,Feyenoord,Groningen,2,0,H,0,0,D
08/11/2020,13:30,Vitesse,FC Emmen,3,1,H,3,0,H
08/11/2020,15:45,Heerenveen,AZ Alkmaar,0,3,A,0,2,A
08/11/2020,19:00,PSV Eindhoven,Willem II,3,0,H,2,0,H
21/11/2020,17:45,Willem II,VVV Venlo,2,1,H,2,1,H
21/11/2020,19:00,Groningen,Vitesse,1,1,D,1,1,D
21/11/2020,20:00,Zwolle,Utrecht,1,1,D,1,0,H
22/11/2020,11:15,Ajax,Heracles,5,0,H,3,0,H
22/11/2020,13:30,For Sittard,Feyenoord,1,3,A,1,2,A
22/11/2020,13:30,Sparta Rotterdam,Den Haag,6,0,H,1,0,H
22/11/2020,15:45,Twente,PSV Eindhoven,1,1,D,0,1,A
22/11/2020,15:45,Waalwijk,Heerenveen,1,1,D,0,1,A
22/11/2020,19:00,AZ Alkmaar,FC Emmen,1,0,H,1,0,H
27/11/2020,19:00,Twente,Waalwijk,0,2,A,0,2,A
28/11/2020,17:45,FC Emmen,Ajax,0,5,A,0,3,A
28/11/2020,19:00,Den Haag,Heerenveen,1,1,D,1,1,D
28/11/2020,20:00,VVV Venlo,Zwolle,2,2,D,1,1,D
29/11/2020,11:15,Vitesse,For Sittard,2,0,H,0,0,D
29/11/2020,13:30,Feyenoord,Utrecht,1,1,D,0,0,D
29/11/2020,13:30,Groningen,Willem II,1,0,H,0,0,D
29/11/2020,15:45,Heracles,AZ Alkmaar,1,2,A,0,2,A
29/11/2020,19:00,PSV Eindhoven,Sparta Rotterdam,1,0,H,0,0,D
04/12/2020,19:00,Sparta Rotterdam,FC Emmen,2,1,H,1,0,H
05/12/2020,15:30,Waalwijk,VVV Venlo,3,2,H,1,1,D
05/12/2020,17:45,For Sittard,Willem II,3,2,H,3,0,H
05/12/2020,19:00,Ajax,Twente,1,2,A,0,1,A
05/12/2020,20:00,Zwolle,Vitesse,2,1,H,0,1,A
06/12/2020,11:15,Feyenoord,Heracles,0,0,D,0,0,D
06/12/2020,13:30,AZ Alkmaar,Groningen,1,2,A,1,0,H
06/12/2020,13:30,Utrecht,Den Haag,1,1,D,0,0,D
06/12/2020,15:45,Heerenveen,PSV Eindhoven,2,2,D,0,1,A
11/12/2020,19:00,Heracles,For Sittard,1,2,A,0,1,A
12/12/2020,15:30,Groningen,Waalwijk,2,0,H,0,0,D
12/12/2020,17:45,FC Emmen,Den Haag,1,1,D,0,1,A
12/12/2020,19:00,Ajax,Zwolle,4,0,H,3,0,H
13/12/2020,11:15,Vitesse,Heerenveen,1,1,D,1,0,H
13/12/2020,13:30,VVV Venlo,Feyenoord,0,3,A,0,0,D
13/12/2020,13:30,Willem II,Sparta Rotterdam,1,3,A,0,2,A
13/12/2020,15:45,PSV Eindhoven,Utrecht,2,1,H,2,0,H
13/12/2020,19:00,Twente,AZ Alkmaar,1,3,A,0,2,A
18/12/2020,19:00,Zwolle,FC Emmen,0,0,D,0,0,D
19/12/2020,15:30,Sparta Rotterdam,Groningen,2,3,A,1,1,D
19/12/2020,17:45,VVV Venlo,Twente,1,2,A,0,1,A
19/12/2020,19:00,Waalwijk,PSV Eindhoven,1,4,A,0,2,A
19/12/2020,20:00,Utrecht,For Sittard,1,1,D,0,0,D
20/12/2020,11:15,Vitesse,Feyenoord,1,0,H,1,0,H
20/12/2020,13:30,Den Haag,Ajax,2,4,A,0,4,A
20/12/2020,13:30,Heerenveen,Heracles,1,2,A,0,1,A
20/12/2020,15:45,AZ Alkmaar,Willem II,5,3,H,2,2,D
22/12/2020,15:30,For Sittard,Waalwijk,2,1,H,1,1,D
22/12/2020,17:45,FC Emmen,Utrecht,2,3,A,2,1,H
22/12/2020,19:00,PSV Eindhoven,VVV Venlo,4,1,H,1,1,D
22/12/2020,20:00,Twente,Sparta Rotterdam,0,2,A,0,1,A
23/12/2020,15:30,AZ Alkmaar,Vitesse,3,1,H,2,0,H
23/12/2020,17:45,Willem II,Ajax,1,1,D,0,1,A
23/12/2020,19:00,Den Haag,Zwolle,0,2,A,0,0,D
23/12/2020,19:00,Groningen,Heracles,0,1,A,0,0,D
23/12/2020,20:00,Feyenoord,Heerenveen,3,0,H,0,0,D
27/12/2020,13:30,Utrecht,AZ Alkmaar,2,2,D,1,0,H
09/01/2021,15:30,Waalwijk,Den Haag,0,1,A,0,1,A
09/01/2021,17:45,FC Emmen,Twente,1,4,A,0,3,A
09/01/2021,19:00,Heracles,Vitesse,0,2,A,0,1,A
09/01/2021,19:00,Zwolle,AZ Alkmaar,1,1,D,1,0,H
09/01/2021,20:00,Utrecht,Groningen,2,2,D,1,2,A
10/01/2021,11:15,Sparta Rotterdam,Feyenoord,0,2,A,0,1,A
10/01/2021,13:30,Heerenveen,For Sittard,1,3,A,0,3,A
10/01/2021,13:30,VVV Venlo,Willem II,2,1,H,0,1,A
10/01/2021,15:45,Ajax,PSV Eindhoven,2,2,D,1,2,A
12/01/2021,17:45,Vitesse,Utrecht,1,0,H,1,0,H
12/01/2021,20:00,Heracles,FC Emmen,4,0,H,2,0,H
13/01/2021,17:45,PSV Eindhoven,AZ Alkmaar,1,3,A,0,2,A
13/01/2021,19:00,Den Haag,VVV Venlo,1,4,A,0,1,A
13/01/2021,19:00,For Sittard,Sparta Rotterdam,0,1,A,0,0,D
13/01/2021,20:00,Feyenoord,Zwolle,1,0,H,0,0,D
14/01/2021,17:45,Heerenveen,Waalwijk,1,1,D,1,0,H
14/01/2021,19:00,Twente,Ajax,1,3,A,0,1,A
14/01/2021,20:00,Willem II,Groningen,2,3,A,0,0,D
16/01/2021,15:30,FC Emmen,Vitesse,1,4,A,0,2,A
16/01/2021,17:45,Sparta Rotterdam,PSV Eindhoven,3,5,A,1,1,D
16/01/2021,19:00,Utrecht,Heracles,2,0,H,1,0,H
16/01/2021,19:00,Zwolle,For Sittard,0,2,A,0,0,D
16/01/2021,20:00,AZ Alkmaar,Den Haag,2,1,H,0,0,D
17/01/2021,11:15,Waalwijk,Willem II,1,1,D,1,0,H
17/01/2021,13:30,Groningen,Twente,2,2,D,0,2,A
17/01/2021,13:30,VVV Venlo,Heerenveen,1,1,D,0,0,D
17/01/2021,15:45,Ajax,Feyenoord,1,0,H,1,0,H
22/01/2021,19:00,Willem II,Zwolle,1,3,A,1,0,H
23/01/2021,15:30,Den Haag,FC Emmen,0,0,D,0,0,D
23/01/2021,17:45,Vitesse,Groningen,1,0,H,1,0,H
23/01/2021,19:00,PSV Eindhoven,Waalwijk,2,0,H,1,0,H
23/01/2021,20:00,Heracles,Heerenveen,1,0,H,0,0,D
24/01/2021,11:15,For Sittard,Ajax,1,2,A,0,1,A
24/01/2021,13:30,Twente,VVV Venlo,0,1,A,0,0,D
24/01/2021,13:30,Utrecht,Sparta Rotterdam,1,0,H,0,0,D
24/01/2021,15:45,Feyenoord,AZ Alkmaar,2,3,A,1,1,D
26/01/2021,17:45,Zwolle,Heracles,2,2,D,0,2,A
26/01/2021,19:00,FC Emmen,PSV Eindhoven,0,2,A,0,0,D
26/01/2021,20:00,Groningen,Den Haag,3,0,H,2,0,H
27/01/2021,17:45,AZ Alkmaar,Utrecht,0,1,A,0,0,D
27/01/2021,19:00,VVV Venlo,Vitesse,4,1,H,3,0,H
27/01/2021,19:00,Waalwijk,For Sittard,1,2,A,0,0,D
27/01/2021,20:00,Heerenveen,Feyenoord,3,0,H,2,0,H
28/01/2021,20:00,Ajax,Willem II,3,1,H,0,0,D
28/01/2021,17:45,Sparta Rotterdam,Twente,0,0,D,0,0,D
30/01/2021,15:30,Heracles,Groningen,1,0,H,1,0,H
30/01/2021,17:45,Utrecht,Zwolle,3,3,D,1,2,A
30/01/2021,19:00,For Sittard,VVV Venlo,3,2,H,1,0,H
30/01/2021,20:00,Vitesse,Waalwijk,1,1,D,0,0,D
31/01/2021,11:15,Twente,Heerenveen,0,0,D,0,0,D
31/01/2021,13:30,Feyenoord,PSV Eindhoven,3,1,H,3,0,H
31/01/2021,13:30,Willem II,FC Emmen,2,0,H,1,0,H
31/01/2021,15:45,AZ Alkmaar,Ajax,0,3,A,0,1,A
31/01/2021,15:45,Den Haag,Sparta Rotterdam,1,1,D,1,0,H
05/02/2021,19:00,For Sittard,Heracles,0,1,A,0,1,A
06/02/2021,13:00,FC Emmen,AZ Alkmaar,0,1,A,0,0,D
06/02/2021,13:00,Zwolle,Waalwijk,1,1,D,0,1,A
06/02/2021,15:30,Heerenveen,Vitesse,1,0,H,0,0,D
06/02/2021,15:30,PSV Eindhoven,Twente,3,0,H,2,0,H
12/02/2021,17:45,Waalwijk,FC Emmen,1,0,H,0,0,D
13/02/2021,11:00,Groningen,Zwolle,1,0,H,1,0,H
13/02/2021,13:15,Sparta Rotterdam,For Sittard,1,2,A,1,1,D
13/02/2021,15:30,Den Haag,PSV Eindhoven,2,2,D,1,0,H
13/02/2021,17:45,Heracles,Ajax,0,2,A,0,1,A
14/02/2021,11:15,AZ Alkmaar,Heerenveen,3,1,H,1,0,H
14/02/2021,13:30,Feyenoord,Willem II,5,0,H,1,0,H
14/02/2021,13:30,Utrecht,VVV Venlo,3,1,H,0,0,D
14/02/2021,15:45,Vitesse,Twente,0,2,A,0,1,A
19/02/2021,19:00,Willem II,Utrecht,0,6,A,0,3,A
20/02/2021,17:45,FC Emmen,Zwolle,3,2,H,2,1,H
20/02/2021,19:00,VVV Venlo,AZ Alkmaar,1,4,A,1,1,D
20/02/2021,20:00,For Sittard,Den Haag,2,0,H,1,0,H
21/02/2021,11:15,Twente,Feyenoord,2,2,D,2,1,H
21/02/2021,13:30,Heerenveen,Groningen,1,1,D,1,0,H
21/02/2021,13:30,Waalwijk,Heracles,3,0,H,2,0,H
21/02/2021,15:45,PSV Eindhoven,Vitesse,3,1,H,0,1,A
21/02/2021,19:00,Ajax,Sparta Rotterdam,4,2,H,3,0,H
24/02/2021,15:30,Willem II,Den Haag,1,1,D,0,0,D
24/02/2021,17:45,Groningen,Feyenoord,0,0,D,0,0,D
26/02/2021,19:00,Zwolle,Heerenveen,4,1,H,0,1,A
27/02/2021,15:30,Utrecht,FC Emmen,0,1,A,0,1,A
27/02/2021,17:45,Den Haag,Waalwijk,0,0,D,0,0,D
27/02/2021,19:00,Vitesse,VVV Venlo,4,1,H,1,1,D
27/02/2021,20:00,Heracles,Twente,2,2,D,1,1,D
28/02/2021,11:15,Sparta Rotterdam,Willem II,0,2,A,0,0,D
28/02/2021,13:30,Groningen,For Sittard,1,0,H,0,0,D
28/02/2021,13:30,PSV Eindhoven,Ajax,1,1,D,1,0,H
28/02/2021,15:45,AZ Alkmaar,Feyenoord,4,2,H,2,2,D
05/03/2021,19:00,FC Emmen,Sparta Rotterdam,1,1,D,0,1,A
06/03/2021,15:30,Feyenoord,VVV Venlo,6,0,H,3,0,H
06/03/2021,17:45,Twente,Willem II,1,1,D,0,0,D
06/03/2021,19:00,Heerenveen,Den Haag,3,0,H,1,0,H
06/03/2021,20:00,Waalwijk,Utrecht,1,2,A,0,1,A
07/03/2021,11:15,Ajax,Groningen,3,1,H,1,0,H
07/03/2021,13:30,For Sittard,PSV Eindhoven,1,3,A,0,2,A
07/03/2021,13:30,Heracles,Zwolle,2,1,H,0,0,D
07/03/2021,15:45,Vitesse,AZ Alkmaar,2,1,H,1,0,H
09/03/2021,17:45,VVV Venlo,Sparta Rotterdam,0,1,A,0,0,D
13/03/2021,15:30,Willem II,Heerenveen,3,1,H,1,0,H
13/03/2021,17:45,Den Haag,Heracles,1,2,A,0,0,D
13/03/2021,19:00,AZ Alkmaar,Twente,4,1,H,3,1,H
13/03/2021,19:00,Groningen,FC Emmen,1,1,D,0,1,A
13/03/2021,20:00,Sparta Rotterdam,Waalwijk,2,0,H,0,0,D
14/03/2021,11:15,VVV Venlo,For Sittard,1,3,A,0,1,A
14/03/2021,13:30,PSV Eindhoven,Feyenoord,1,1,D,1,1,D
14/03/2021,13:30,Utrecht,Vitesse,1,3,A,1,1,D
14/03/2021,15:45,Zwolle,Ajax,0,2,A,0,2,A
19/03/2021,19:00,Heerenveen,Twente,0,0,D,0,0,D
20/03/2021,15:30,For Sittard,Utrecht,0,1,A,0,0,D
20/03/2021,19:00,Feyenoord,FC Emmen,1,1,D,1,0,H
20/03/2021,20:00,Waalwijk,Groningen,3,1,H,2,1,H
21/03/2021,11:15,Zwolle,VVV Venlo,2,1,H,0,0,D
21/03/2021,13:30,AZ Alkmaar,PSV Eindhoven,2,0,H,1,0,H
21/03/2021,13:30,Vitesse,Willem II,0,0,D,0,0,D
21/03/2021,15:45,Heracles,Sparta Rotterdam,1,1,D,0,0,D
21/03/2021,19:00,Ajax,Den Haag,5,0,H,4,0,H
03/04/2021,17:45,VVV Venlo,Groningen,0,1,A,0,0,D
03/04/2021,19:00,Twente,Vitesse,1,2,A,1,1,D
03/04/2021,19:00,Willem II,AZ Alkmaar,0,1,A,0,0,D
03/04/2021,20:00,Sparta Rotterdam,Zwolle,3,2,H,1,0,H
04/04/2021,11:15,Feyenoord,For Sittard,2,0,H,0,0,D
04/04/2021,13:30,Den Haag,Utrecht,1,4,A,0,3,A
04/04/2021,13:30,PSV Eindhoven,Heracles,3,0,H,2,0,H
04/04/2021,15:45,FC Emmen,Waalwijk,3,1,H,3,0,H
04/04/2021,15:45,Heerenveen,Ajax,1,2,A,1,1,D
09/04/2021,19:00,Vitesse,Den Haag,0,0,D,0,0,D
10/04/2021,17:45,Heracles,Willem II,4,0,H,2,0,H
10/04/2021,19:00,AZ Alkmaar,Sparta Rotterdam,2,0,H,1,0,H
10/04/2021,19:00,For Sittard,FC Emmen,1,3,A,0,0,D
10/04/2021,20:00,Zwolle,Twente,1,0,H,1,0,H
11/04/2021,11:15,Utrecht,Feyenoord,1,2,A,1,1,D
11/04/2021,13:30,Groningen,Heerenveen,0,2,A,0,0,D
11/04/2021,13:30,VVV Venlo,PSV Eindhoven,0,2,A,0,1,A
11/04/2021,15:45,Waalwijk,Ajax,0,1,A,0,1,A
22/04/2021,17:45,Ajax,Utrecht,1,1,D,0,1,A
23/04/2021,17:45,Willem II,Waalwijk,1,0,H,0,0,D
24/04/2021,15:30,Heerenveen,Zwolle,0,2,A,0,1,A
24/04/2021,17:45,PSV Eindhoven,Groningen,1,0,H,0,0,D
24/04/2021,17:45,Sparta Rotterdam,VVV Venlo,2,0,H,1,0,H
25/04/2021,11:15,FC Emmen,Heracles,3,1,H,0,0,D
25/04/2021,13:30,Ajax,AZ Alkmaar,2,0,H,0,0,D
25/04/2021,13:30,Den Haag,For Sittard,0,3,A,0,1,A
25/04/2021,15:45,Feyenoord,Vitesse,0,0,D,0,0,D
25/04/2021,15:45,Twente,Utrecht,1,2,A,1,0,H
01/05/2021,15:30,Heracles,VVV Venlo,4,0,H,2,0,H
01/05/2021,17:45,For Sittard,Twente,3,0,H,1,0,H
01/05/2021,19:00,Vitesse,Zwolle,2,1,H,1,0,H
01/05/2021,19:00,Waalwijk,AZ Alkmaar,1,3,A,1,1,D
01/05/2021,20:00,Utrecht,Willem II,3,2,H,2,0,H
02/05/2021,11:15,Den Haag,Feyenoord,3,2,H,2,1,H
02/05/2021,13:30,Ajax,FC Emmen,4,0,H,1,0,H
02/05/2021,13:30,Groningen,Sparta Rotterdam,1,2,A,0,1,A
02/05/2021,15:45,PSV Eindhoven,Heerenveen,2,2,D,0,1,A
07/05/2021,19:00,Sparta Rotterdam,Vitesse,3,0,H,1,0,H
08/05/2021,15:30,Twente,Heracles,1,1,D,0,0,D
08/05/2021,17:45,Heerenveen,Utrecht,0,0,D,0,0,D
08/05/2021,19:00,AZ Alkmaar,For Sittard,1,0,H,1,0,H
08/05/2021,20:00,VVV Venlo,Waalwijk,3,3,D,2,2,D
09/05/2021,11:15,FC Emmen,Groningen,0,4,A,0,1,A
09/05/2021,13:30,Feyenoord,Ajax,0,3,A,0,1,A
09/05/2021,13:30,Zwolle,Den Haag,0,1,A,0,1,A
09/05/2021,15:45,Willem II,PSV Eindhoven,0,2,A,0,1,A
13/05/2021,13:30,Ajax,VVV Venlo,3,1,H,1,0,H
13/05/2021,13:30,Den Haag,Willem II,1,4,A,0,3,A
13/05/2021,13:30,FC Emmen,Heerenveen,3,1,H,1,0,H
13/05/2021,13:30,For Sittard,Vitesse,3,3,D,2,2,D
13/05/2021,13:30,Groningen,AZ Alkmaar,0,0,D,0,0,D
13/05/2021,13:30,Heracles,Feyenoord,1,1,D,0,0,D
13/05/2021,13:30,PSV Eindhoven,Zwolle,4,2,H,3,0,H
13/05/2021,13:30,Sparta Rotterdam,Utrecht,0,0,D,0,0,D
13/05/2021,13:30,Waalwijk,Twente,2,1,H,0,0,D
16/05/2021,13:30,AZ Alkmaar,Heracles,5,0,H,1,0,H
16/05/2021,13:30,Feyenoord,Waalwijk,3,0,H,2,0,H
16/05/2021,13:30,Heerenveen,Sparta Rotterdam,1,2,A,0,2,A
16/05/2021,13:30,Twente,Den Haag,3,2,H,2,2,D
16/05/2021,13:30,Utrecht,PSV Eindhoven,1,1,D,1,0,H
16/05/2021,13:30,Vitesse,Ajax,1,3,A,1,2,A
16/05/2021,13:30,VVV Venlo,FC Emmen,0,4,A,0,1,A
16/05/2021,13:30,Willem II,For Sittard,2,1,H,1,0,H
16/05/2021,13:30,Zwolle,Groningen,1,0,H,0,0,D
13/08/2021,19:00,Go Ahead Eagles,Heerenveen,0,1,A,0,1,A
14/08/2021,15:30,Waalwijk,AZ Alkmaar,1,0,H,1,0,H
14/08/2021,17:45,Heracles,PSV Eindhoven,0,2,A,0,1,A
14/08/2021,19:00,For Sittard,Twente,2,1,H,0,1,A
14/08/2021,20:00,Ajax,Nijmegen,5,0,H,5,0,H
15/08/2021,11:15,Cambuur,Groningen,1,2,A,0,1,A
15/08/2021,13:30,Utrecht,Sparta Rotterdam,4,0,H,1,0,H
15/08/2021,13:30,Zwolle,Vitesse,0,1,A,0,1,A
15/08/2021,15:45,Willem II,Feyenoord,0,4,A,0,2,A
20/08/2021,19:00,Nijmegen,Zwolle,2,0,H,2,0,H
21/08/2021,17:45,Heerenveen,Waalwijk,3,2,H,3,0,H
21/08/2021,19:00,PSV Eindhoven,Cambuur,4,1,H,2,0,H
21/08/2021,19:00,Sparta Rotterdam,Heracles,1,1,D,1,0,H
21/08/2021,20:00,Groningen,Utrecht,0,0,D,0,0,D
22/08/2021,11:15,Twente,Ajax,1,1,D,0,0,D
22/08/2021,13:30,Feyenoord,Go Ahead Eagles,2,0,H,0,0,D
22/08/2021,15:45,Vitesse,Willem II,0,3,A,0,2,A
27/08/2021,19:00,For Sittard,Waalwijk,2,2,D,1,1,D
28/08/2021,17:45,Cambuur,Twente,2,0,H,0,0,D
28/08/2021,19:00,Go Ahead Eagles,Sparta Rotterdam,2,0,H,1,0,H
28/08/2021,19:00,PSV Eindhoven,Groningen,5,2,H,3,2,H
28/08/2021,20:00,Willem II,Zwolle,1,0,H,0,0,D
29/08/2021,11:15,Utrecht,Feyenoord,3,1,H,1,1,D
29/08/2021,13:30,Ajax,Vitesse,5,0,H,3,0,H
29/08/2021,13:30,Heracles,Nijmegen,0,1,A,0,0,D
29/08/2021,15:45,Heerenveen,AZ Alkmaar,1,3,A,1,1,D
11/09/2021,15:30,Twente,Utrecht,1,0,H,0,0,D
11/09/2021,17:45,Cambuur,Go Ahead Eagles,5,2,H,1,1,D
11/09/2021,17:45,Zwolle,Ajax,0,2,A,0,1,A
11/09/2021,20:00,AZ Alkmaar,PSV Eindhoven,0,3,A,0,1,A
12/09/2021,11:15,Nijmegen,Willem II,0,0,D,0,0,D
12/09/2021,13:30,Groningen,Heerenveen,1,1,D,0,1,A
12/09/2021,13:30,Sparta Rotterdam,For Sittard,3,1,H,2,0,H
12/09/2021,15:45,Waalwijk,Vitesse,1,2,A,1,1,D
17/09/2021,19:00,Sparta Rotterdam,Nijmegen,1,1,D,1,1,D
18/09/2021,15:30,Heerenveen,For Sittard,1,0,H,1,0,H
18/09/2021,17:45,Willem II,Groningen,2,1,H,2,0,H
18/09/2021,19:00,Ajax,Cambuur,9,0,H,4,0,H
18/09/2021,20:00,Utrecht,Waalwijk,2,2,D,1,2,A
19/09/2021,11:15,Go Ahead Eagles,Zwolle,1,0,H,0,0,D
19/09/2021,13:30,PSV Eindhoven,Feyenoord,0,4,A,0,1,A
19/09/2021,15:45,Heracles,AZ Alkmaar,3,2,H,1,1,D
19/09/2021,15:45,Vitesse,Twente,1,4,A,0,2,A
21/09/2021,17:45,For Sittard,Ajax,0,5,A,0,3,A
21/09/2021,20:00,Waalwijk,Willem II,1,2,A,0,0,D
22/09/2021,17:45,Go Ahead Eagles,PSV Eindhoven,1,2,A,0,1,A
22/09/2021,17:45,Nijmegen,Utrecht,0,3,A,0,1,A
22/09/2021,19:00,Groningen,Vitesse,0,1,A,0,1,A
22/09/2021,20:00,Feyenoord,Heerenveen,3,1,H,1,0,H
22/09/2021,20:00,Zwolle,Sparta Rotterdam,1,1,D,1,1,D
23/09/2021,17:45,Cambuur,Heracles,2,1,H,1,0,H
23/09/2021,20:00,Twente,AZ Alkmaar,3,1,H,2,1,H
25/09/2021,15:30,Willem II,PSV Eindhoven,2,1,H,1,1,D
25/09/2021,17:45,Ajax,Groningen,3,0,H,1,0,H
25/09/2021,17:45,Vitesse,For Sittard,1,1,D,0,1,A
25/09/2021,20:00,Feyenoord,Nijmegen,5,3,H,2,2,D
25/09/2021,20:00,Utrecht,Zwolle,5,1,H,1,0,H
26/09/2021,11:15,Sparta Rotterdam,Cambuur,0,4,A,0,1,A
26/09/2021,13:30,AZ Alkmaar,Go Ahead Eagles,5,0,H,2,0,H
26/09/2021,13:30,Heerenveen,Twente,2,3,A,0,2,A
26/09/2021,15:45,Heracles,Waalwijk,1,0,H,0,0,D
01/10/2021,19:00,Groningen,Twente,1,1,D,1,0,H
02/10/2021,17:45,Waalwijk,Go Ahead Eagles,1,1,D,0,1,A
02/10/2021,19:00,Heracles,Willem II,3,2,H,1,0,H
02/10/2021,19:00,Zwolle,Heerenveen,0,1,A,0,0,D
02/10/2021,20:00,For Sittard,Nijmegen,1,3,A,1,2,A
03/10/2021,13:30,Ajax,Utrecht,0,1,A,0,0,D
03/10/2021,13:30,Cambuur,AZ Alkmaar,1,3,A,0,2,A
03/10/2021,15:45,Vitesse,Feyenoord,2,1,H,1,1,D
03/10/2021,19:00,PSV Eindhoven,Sparta Rotterdam,2,1,H,0,0,D
16/10/2021,15:30,Feyenoord,Waalwijk,2,2,D,1,2,A
16/10/2021,17:45,Go Ahead Eagles,Heracles,4,2,H,1,1,D
16/10/2021,17:45,Heerenveen,Ajax,0,2,A,0,1,A
16/10/2021,20:00,For Sittard,Cambuur,1,0,H,0,0,D
16/10/2021,20:00,PSV Eindhoven,Zwolle,3,1,H,0,1,A
17/10/2021,11:15,AZ Alkmaar,Utrecht,5,1,H,3,0,H
17/10/2021,13:30,Nijmegen,Vitesse,0,1,A,0,1,A
17/10/2021,13:30,Sparta Rotterdam,Groningen,1,1,D,1,1,D
17/10/2021,15:45,Twente,Willem II,1,1,D,1,1,D
22/10/2021,19:00,Willem II,For Sittard,1,1,D,0,0,D
23/10/2021,17:45,Utrecht,Heerenveen,2,1,H,1,1,D
23/10/2021,19:00,Zwolle,Heracles,1,0,H,0,0,D
23/10/2021,20:00,Waalwijk,Sparta Rotterdam,1,0,H,0,0,D
24/10/2021,11:15,Twente,Nijmegen,1,2,A,0,0,D
24/10/2021,13:30,Cambuur,Feyenoord,2,3,A,1,2,A
24/10/2021,13:30,Vitesse,Go Ahead Eagles,1,2,A,1,0,H
24/10/2021,15:45,Ajax,PSV Eindhoven,5,0,H,1,0,H
24/10/2021,19:00,Groningen,AZ Alkmaar,2,0,H,1,0,H
30/10/2021,15:30,PSV Eindhoven,Twente,5,2,H,2,2,D
30/10/2021,17:45,Heracles,Ajax,0,0,D,0,0,D
30/10/2021,19:00,Heerenveen,Vitesse,1,2,A,1,0,H
30/10/2021,20:00,AZ Alkmaar,Zwolle,3,2,H,2,2,D
31/10/2021,11:15,Sparta Rotterdam,Feyenoord,0,1,A,0,0,D
31/10/2021,13:30,Nijmegen,Groningen,3,0,H,1,0,H
31/10/2021,15:45,Utrecht,Willem II,5,1,H,2,1,H
31/10/2021,15:45,Waalwijk,Cambuur,0,1,A,0,0,D
31/10/2021,19:00,Go Ahead Eagles,For Sittard,4,3,H,0,2,A
05/11/2021,19:00,Twente,Heracles,1,0,H,1,0,H
06/11/2021,17:45,Nijmegen,Heerenveen,1,1,D,0,0,D
06/11/2021,19:00,Willem II,Sparta Rotterdam,0,3,A,0,2,A
06/11/2021,20:00,Zwolle,Cambuur,1,2,A,0,1,A
07/11/2021,11:15,Groningen,Waalwijk,1,1,D,0,1,A
07/11/2021,13:30,For Sittard,PSV Eindhoven,1,4,A,0,1,A
07/11/2021,15:45,Feyenoord,AZ Alkmaar,1,0,H,0,0,D
07/11/2021,15:45,Vitesse,Utrecht,2,1,H,2,0,H
07/11/2021,19:00,Ajax,Go Ahead Eagles,0,0,D,0,0,D
20/11/2021,15:30,PSV Eindhoven,Vitesse,2,0,H,2,0,H
20/11/2021,17:45,Sparta Rotterdam,Twente,0,1,A,0,0,D
20/11/2021,19:00,AZ Alkmaar,Nijmegen,1,1,D,0,1,A
20/11/2021,20:00,Heracles,For Sittard,3,1,H,2,1,H
21/11/2021,11:15,Go Ahead Eagles,Groningen,0,1,A,0,0,D
21/11/2021,13:30,Feyenoord,Zwolle,4,0,H,4,0,H
21/11/2021,13:30,Heerenveen,Willem II,2,1,H,0,0,D
21/11/2021,15:45,Waalwijk,Ajax,0,5,A,0,2,A
21/11/2021,19:00,Cambuur,Utrecht,2,1,H,1,1,D
26/11/2021,19:00,Nijmegen,Cambuur,2,3,A,2,1,H
27/11/2021,17:45,For Sittard,Groningen,1,4,A,1,2,A
27/11/2021,19:00,Zwolle,Waalwijk,0,0,D,0,0,D
27/11/2021,20:00,Willem II,Go Ahead Eagles,0,1,A,0,0,D
28/11/2021,11:15,Sparta Rotterdam,Ajax,0,1,A,0,1,A
28/11/2021,13:30,Twente,Feyenoord,0,0,D,0,0,D
28/11/2021,13:30,Utrecht,Heracles,1,0,H,0,0,D
28/11/2021,15:45,Heerenveen,PSV Eindhoven,1,1,D,0,1,A
28/11/2021,19:00,Vitesse,AZ Alkmaar,0,0,D,0,0,D
01/12/2021,19:00,Feyenoord,Heracles,2,1,H,1,1,D
02/12/2021,17:45,AZ Alkmaar,For Sittard,2,1,H,1,1,D
02/12/2021,20:00,Ajax,Willem II,5,0,H,3,0,H
03/12/2021,19:00,Groningen,Zwolle,1,1,D,0,1,A
04/12/2021,15:30,PSV Eindhoven,Utrecht,4,1,H,2,1,H
04/12/2021,17:45,Cambuur,Vitesse,1,6,A,1,3,A
04/12/2021,20:00,Heracles,Heerenveen,0,1,A,0,0,D
05/12/2021,11:15,Waalwijk,Nijmegen,2,1,H,1,1,D
05/12/2021,13:30,AZ Alkmaar,Sparta Rotterdam,3,1,H,2,1,H
05/12/2021,13:30,Go Ahead Eagles,Twente,1,2,A,1,0,H
05/12/2021,15:45,Feyenoord,For Sittard,5,0,H,2,0,H
10/12/2021,19:00,Willem II,Cambuur,1,3,A,0,0,D
11/12/2021,17:45,Utrecht,Go Ahead Eagles,0,0,D,0,0,D
11/12/2021,19:00,Heerenveen,Sparta Rotterdam,0,0,D,0,0,D
11/12/2021,20:00,Zwolle,For Sittard,0,1,A,0,0,D
12/12/2021,11:15,Twente,Waalwijk,2,1,H,2,1,H
12/12/2021,13:30,Groningen,Feyenoord,1,1,D,0,0,D
12/12/2021,13:30,Vitesse,Heracles,2,1,H,1,1,D
12/12/2021,15:45,Ajax,AZ Alkmaar,1,2,A,0,0,D
12/12/2021,19:00,Nijmegen,PSV Eindhoven,1,2,A,1,0,H
18/12/2021,15:30,For Sittard,Utrecht,2,2,D,1,1,D
18/12/2021,17:45,Sparta Rotterdam,Vitesse,2,2,D,0,2,A
18/12/2021,19:00,AZ Alkmaar,Willem II,4,1,H,1,1,D
18/12/2021,19:00,Heracles,Groningen,4,2,H,2,1,H
18/12/2021,20:00,Zwolle,Twente,1,3,A,0,2,A
19/12/2021,11:15,Cambuur,Heerenveen,1,2,A,1,1,D
19/12/2021,13:30,Feyenoord,Ajax,0,2,A,0,1,A
19/12/2021,13:30,Go Ahead Eagles,Nijmegen,0,2,A,0,2,A
19/12/2021,15:45,Waalwijk,PSV Eindhoven,1,4,A,0,1,A
21/12/2021,17:45,Vitesse,Zwolle,1,0,H,0,0,D
21/12/2021,20:00,AZ Alkmaar,Groningen,1,0,H,0,0,D
22/12/2021,17:45,Heerenveen,Feyenoord,0,3,A,0,2,A
22/12/2021,17:45,Willem II,Nijmegen,0,1,A,0,1,A
22/12/2021,19:00,Heracles,Cambuur,1,1,D,0,0,D
22/12/2021,20:00,Ajax,For Sittard,5,0,H,2,0,H
22/12/2021,20:00,Utrecht,Twente,1,1,D,0,1,A
23/12/2021,17:45,PSV Eindhoven,Go Ahead Eagles,2,0,H,1,0,H
23/12/2021,20:00,Sparta Rotterdam,Waalwijk,1,1,D,1,1,D
14/01/2022,19:00,Zwolle,Willem II,2,0,H,1,0,H
15/01/2022,17:45,Nijmegen,Heracles,0,0,D,0,0,D
15/01/2022,19:00,Feyenoord,Vitesse,0,1,A,0,0,D
15/01/2022,19:00,Twente,Heerenveen,2,0,H,0,0,D
15/01/2022,20:00,Go Ahead Eagles,Waalwijk,0,2,A,0,2,A
16/01/2022,11:15,Utrecht,Ajax,0,3,A,0,3,A
16/01/2022,13:30,Cambuur,Sparta Rotterdam,1,1,D,1,0,H
16/01/2022,13:30,Groningen,PSV Eindhoven,0,1,A,0,1,A
16/01/2022,15:45,For Sittard,AZ Alkmaar,1,2,A,0,1,A
22/01/2022,17:45,Vitesse,Groningen,1,3,A,0,1,A
22/01/2022,19:00,AZ Alkmaar,Cambuur,0,0,D,0,0,D
22/01/2022,19:00,Heerenveen,Zwolle,0,1,A,0,1,A
22/01/2022,20:00,Willem II,Twente,0,1,A,0,1,A
23/01/2022,11:15,Nijmegen,Feyenoord,1,4,A,1,1,D
23/01/2022,13:30,Heracles,Go Ahead Eagles,1,1,D,1,0,H
23/01/2022,13:30,PSV Eindhoven,Ajax,1,2,A,0,1,A
23/01/2022,15:45,Sparta Rotterdam,Utrecht,0,3,A,0,1,A
23/01/2022,19:00,Waalwijk,For Sittard,2,1,H,2,0,H
05/02/2022,15:30,Utrecht,Cambuur,3,2,H,2,2,D
05/02/2022,17:45,For Sittard,Heerenveen,2,0,H,1,0,H
05/02/2022,19:00,PSV Eindhoven,AZ Alkmaar,1,2,A,1,1,D
05/02/2022,19:00,Zwolle,Nijmegen,1,1,D,1,1,D
05/02/2022,20:00,Twente,Vitesse,3,0,H,2,0,H
06/02/2022,11:15,Feyenoord,Sparta Rotterdam,4,0,H,2,0,H
06/02/2022,13:30,Groningen,Go Ahead Eagles,2,1,H,1,0,H
06/02/2022,13:30,Willem II,Waalwijk,3,1,H,3,0,H
06/02/2022,15:45,Ajax,Heracles,3,0,H,1,0,H
11/02/2022,19:00,Heracles,Utrecht,1,0,H,0,0,D
12/02/2022,17:45,Cambuur,Zwolle,3,4,A,2,2,D
12/02/2022,17:45,Groningen,For Sittard,0,1,A,0,0,D
12/02/2022,19:00,Vitesse,PSV Eindhoven,0,5,A,0,3,A
13/02/2022,11:15,Go Ahead Eagles,AZ Alkmaar,1,4,A,1,3,A
13/02/2022,11:15,Sparta Rotterdam,Willem II,1,0,H,0,0,D
13/02/2022,13:30,Heerenveen,Nijmegen,0,1,A,0,1,A
13/02/2022,13:30,Waalwijk,Feyenoord,0,2,A,0,1,A
13/02/2022,15:45,Ajax,Twente,5,0,H,1,0,H
19/02/2022,15:30,Nijmegen,Waalwijk,1,1,D,0,1,A
19/02/2022,17:45,Willem II,Ajax,0,1,A,0,0,D
19/02/2022,20:00,AZ Alkmaar,Heracles,2,1,H,1,1,D
20/02/2022,11:15,Zwolle,Groningen,1,1,D,0,1,A
20/02/2022,13:30,Feyenoord,Cambuur,3,1,H,2,1,H
20/02/2022,13:30,Twente,Go Ahead Eagles,2,2,D,0,1,A
20/02/2022,15:45,PSV Eindhoven,Heerenveen,3,1,H,1,1,D
20/02/2022,15:45,Utrecht,Vitesse,1,1,D,1,0,H
25/02/2022,19:00,Waalwijk,Twente,1,2,A,0,1,A
26/02/2022,15:30,Heracles,Zwolle,2,0,H,1,0,H
26/02/2022,17:45,Groningen,Willem II,1,0,H,1,0,H
26/02/2022,20:00,Cambuur,For Sittard,2,1,H,1,1,D
27/02/2022,11:15,AZ Alkmaar,Feyenoord,2,1,H,2,0,H
27/02/2022,11:15,Vitesse,Nijmegen,4,1,H,0,0,D
27/02/2022,13:30,Sparta Rotterdam,PSV Eindhoven,1,2,A,1,0,H
27/02/2022,15:45,Go Ahead Eagles,Ajax,2,1,H,2,0,H
27/02/2022,19:00,Heerenveen,Utrecht,1,2,A,0,0,D
05/03/2022,15:30,Willem II,Heerenveen,0,0,D,0,0,D
05/03/2022,17:45,Go Ahead Eagles,Utrecht,1,1,D,1,0,H
05/03/2022,20:00,Feyenoord,Groningen,1,1,D,0,1,A
06/03/2022,11:15,PSV Eindhoven,Heracles,3,1,H,1,0,H
06/03/2022,13:30,Twente,Cambuur,1,0,H,0,0,D
06/03/2022,15:45,Ajax,Waalwijk,3,2,H,2,0,H
06/03/2022,15:45,Nijmegen,AZ Alkmaar,1,3,A,1,1,D
06/03/2022,19:00,For Sittard,Zwolle,0,1,A,0,0,D
11/03/2022,19:00,Cambuur,Ajax,2,3,A,0,2,A
12/03/2022,15:30,Sparta Rotterdam,Go Ahead Eagles,1,0,H,0,0,D
12/03/2022,17:45,Groningen,Nijmegen,4,3,H,2,3,A
12/03/2022,20:00,Waalwijk,Heerenveen,0,0,D,0,0,D
13/03/2022,11:15,For Sittard,Willem II,1,0,H,0,0,D
13/03/2022,13:30,Heracles,Vitesse,0,0,D,0,0,D
13/03/2022,13:30,Utrecht,PSV Eindhoven,0,1,A,0,0,D
13/03/2022,15:45,Zwolle,Feyenoord,1,2,A,1,0,H
13/03/2022,19:00,AZ Alkmaar,Twente,0,1,A,0,0,D
18/03/2022,19:00,Heerenveen,Heracles,2,0,H,0,0,D
19/03/2022,17:45,Go Ahead Eagles,Cambuur,3,0,H,2,0,H
19/03/2022,19:00,Twente,Zwolle,1,0,H,1,0,H
19/03/2022,20:00,Nijmegen,Sparta Rotterdam,0,0,D,0,0,D
20/03/2022,11:15,Utrecht,Groningen,1,3,A,0,2,A
20/03/2022,13:30,Ajax,Feyenoord,3,2,H,1,2,A
20/03/2022,15:45,PSV Eindhoven,For Sittard,5,0,H,3,0,H
20/03/2022,15:45,Vitesse,Waalwijk,1,2,A,1,1,D
20/03/2022,19:00,Willem II,AZ Alkmaar,2,2,D,2,1,H
02/04/2022,15:30,Groningen,Ajax,1,3,A,1,2,A
02/04/2022,17:45,Twente,PSV Eindhoven,3,3,D,3,1,H
02/04/2022,19:00,AZ Alkmaar,Vitesse,3,1,H,1,0,H
02/04/2022,19:00,Waalwijk,Utrecht,1,1,D,0,1,A
02/04/2022,20:00,Feyenoord,Willem II,2,0,H,0,0,D
03/04/2022,11:15,Zwolle,Go Ahead Eagles,0,1,A,0,0,D
03/04/2022,13:30,For Sittard,Heracles,0,2,A,0,0,D
03/04/2022,13:30,Sparta Rotterdam,Heerenveen,1,1,D,0,0,D
03/04/2022,15:45,Cambuur,Nijmegen,1,2,A,1,1,D
08/04/2022,19:00,Go Ahead Eagles,Willem II,4,0,H,2,0,H
09/04/2022,17:45,Utrecht,For Sittard,1,1,D,1,0,H
09/04/2022,19:00,Ajax,Sparta Rotterdam,2,1,H,0,1,A
09/04/2022,20:00,Nijmegen,Twente,0,2,A,0,0,D
10/04/2022,11:15,Heerenveen,Groningen,3,1,H,1,1,D
10/04/2022,13:30,PSV Eindhoven,Waalwijk,2,0,H,1,0,H
10/04/2022,13:30,Vitesse,Cambuur,1,0,H,1,0,H
10/04/2022,15:45,Heracles,Feyenoord,1,4,A,1,3,A
10/04/2022,19:00,Zwolle,AZ Alkmaar,2,1,H,0,0,D
16/04/2022,17:45,For Sittard,Sparta Rotterdam,3,0,H,2,0,H
19/04/2022,19:00,Vitesse,Sparta Rotterdam,0,1,A,0,1,A
22/04/2022,19:00,Twente,Sparta Rotterdam,2,0,H,1,0,H
23/04/2022,15:30,Nijmegen,Ajax,0,1,A,0,0,D
23/04/2022,17:45,AZ Alkmaar,Heerenveen,2,1,H,1,1,D
23/04/2022,19:00,Waalwijk,Zwolle,0,2,A,0,1,A
23/04/2022,20:00,Cambuur,PSV Eindhoven,1,2,A,1,1,D
24/04/2022,11:15,Willem II,Vitesse,1,0,H,1,0,H
24/04/2022,13:30,Feyenoord,Utrecht,2,1,H,0,0,D
24/04/2022,13:30,Groningen,Heracles,0,1,A,0,1,A
24/04/2022,15:45,For Sittard,Go Ahead Eagles,1,0,H,1,0,H
29/04/2022,19:00,Utrecht,Nijmegen,1,0,H,0,0,D
30/04/2022,17:45,Ajax,Zwolle,3,0,H,1,0,H
30/04/2022,19:00,Heracles,Twente,1,1,D,1,1,D
30/04/2022,20:00,Sparta Rotterdam,AZ Alkmaar,1,1,D,0,0,D
01/05/2022,11:15,Heerenveen,Cambuur,3,3,D,2,1,H
01/05/2022,13:30,Go Ahead Eagles,Vitesse,1,2,A,1,1,D
01/05/2022,13:30,PSV Eindhoven,Willem II,4,2,H,3,1,H
01/05/2022,15:45,For Sittard,Feyenoord,1,3,A,0,2,A
01/05/2022,19:00,Waalwijk,Groningen,3,1,H,3,0,H
06/05/2022,19:00,Cambuur,Waalwijk,1,1,D,0,0,D
07/05/2022,17:45,Twente,For Sittard,1,2,A,1,2,A
07/05/2022,19:00,Willem II,Heracles,2,0,H,2,0,H
07/05/2022,19:00,Zwolle,Utrecht,1,1,D,0,1,A
07/05/2022,20:00,Groningen,Sparta Rotterdam,1,2,A,0,1,A
08/05/2022,11:15,Nijmegen,Go Ahead Eagles,1,0,H,0,0,D
08/05/2022,13:30,AZ Alkmaar,Ajax,2,2,D,0,1,A
08/05/2022,13:30,Vitesse,Heerenveen,1,2,A,1,0,H
08/05/2022,15:45,Feyenoord,PSV Eindhoven,2,2,D,0,2,A
11/05/2022,19:00,Ajax,Heerenveen,5,0,H,3,0,H
11/05/2022,19:00,Cambuur,Willem II,1,1,D,1,0,H
11/05/2022,19:00,For Sittard,Vitesse,1,2,A,1,1,D
11/05/2022,19:00,Go Ahead Eagles,Feyenoord,0,1,A,0,0,D
11/05/2022,19:00,PSV Eindhoven,Nijmegen,3,2,H,2,0,H
11/05/2022,19:00,Sparta Rotterdam,Zwolle,2,0,H,2,0,H
11/05/2022,19:00,Twente,Groningen,3,0,H,1,0,H
11/05/2022,19:00,Utrecht,AZ Alkmaar,2,2,D,1,2,A
11/05/2022,19:00,Waalwijk,Heracles,2,0,H,1,0,H
15/05/2022,13:30,AZ Alkmaar,Waalwijk,1,3,A,1,1,D
15/05/2022,13:30,Feyenoord,Twente,1,2,A,0,2,A
15/05/2022,13:30,Groningen,Cambuur,2,3,A,0,1,A
15/05/2022,13:30,Heerenveen,Go Ahead Eagles,3,1,H,1,0,H
15/05/2022,13:30,Heracles,Sparta Rotterdam,1,3,A,0,1,A
15/05/2022,13:30,Nijmegen,For Sittard,0,1,A,0,1,A
15/05/2022,13:30,Vitesse,Ajax,2,2,D,0,1,A
15/05/2022,13:30,Willem II,Utrecht,3,0,H,1,0,H
15/05/2022,13:30,Zwolle,PSV Eindhoven,1,2,A,1,1,D
05/08/2022,19:00,Heerenveen,Sparta Rotterdam,0,0,D,0,0,D
06/08/2022,15:30,For Sittard,Ajax,2,3,A,1,0,H
06/08/2022,17:45,Cambuur,Excelsior,0,2,A,0,2,A
06/08/2022,19:00,PSV Eindhoven,FC Emmen,4,1,H,3,0,H
06/08/2022,20:00,Waalwijk,Utrecht,2,2,D,2,0,H
07/08/2022,11:15,Groningen,Volendam,2,2,D,2,1,H
07/08/2022,13:30,Nijmegen,Twente,0,1,A,0,0,D
07/08/2022,13:30,Vitesse,Feyenoord,2,5,A,1,2,A
07/08/2022,15:45,AZ Alkmaar,Go Ahead Eagles,2,0,H,0,0,D
12/08/2022,19:00,Excelsior,Vitesse,3,1,H,2,1,H
13/08/2022,17:45,Go Ahead Eagles,PSV Eindhoven,2,5,A,1,3,A
13/08/2022,19:00,FC Emmen,Waalwijk,1,1,D,0,0,D
13/08/2022,19:00,Utrecht,Cambuur,0,0,D,0,0,D
13/08/2022,20:00,Feyenoord,Heerenveen,0,0,D,0,0,D
14/08/2022,11:15,Volendam,Nijmegen,1,4,A,1,2,A
14/08/2022,13:30,Ajax,Groningen,6,1,H,3,1,H
14/08/2022,13:30,Twente,For Sittard,3,0,H,2,0,H
14/08/2022,15:45,Sparta Rotterdam,AZ Alkmaar,2,3,A,1,1,D
20/08/2022,15:30,Vitesse,Heerenveen,0,4,A,0,2,A
20/08/2022,17:45,For Sittard,Cambuur,1,4,A,1,0,H
20/08/2022,20:00,FC Emmen,Utrecht,3,2,H,1,2,A
21/08/2022,11:15,Groningen,Go Ahead Eagles,1,0,H,1,0,H
21/08/2022,13:30,Sparta Rotterdam,Ajax,0,1,A,0,1,A
21/08/2022,15:45,Waalwijk,Feyenoord,0,1,A,0,0,D
26/08/2022,19:00,Nijmegen,Groningen,1,1,D,0,0,D
27/08/2022,15:30,Go Ahead Eagles,Sparta Rotterdam,0,1,A,0,1,A
27/08/2022,17:45,Vitesse,Waalwijk,2,2,D,0,1,A
27/08/2022,19:00,Feyenoord,FC Emmen,4,0,H,0,0,D
27/08/2022,20:00,Heerenveen,For Sittard,2,1,H,2,0,H
28/08/2022,11:15,Utrecht,Ajax,0,2,A,0,2,A
28/08/2022,13:30,Excelsior,PSV Eindhoven,1,6,A,0,3,A
28/08/2022,13:30,Volendam,Twente,1,0,H,0,0,D
28/08/2022,15:45,Cambuur,AZ Alkmaar,0,1,A,0,0,D
31/08/2022,17:45,PSV Eindhoven,Volendam,7,1,H,3,1,H
31/08/2022,20:00,Twente,Excelsior,4,0,H,2,0,H
01/09/2022,19:00,AZ Alkmaar,Nijmegen,1,1,D,0,0,D
02/09/2022,19:00,For Sittard,Utrecht,3,4,A,0,0,D
03/09/2022,15:30,Ajax,Cambuur,4,0,H,2,0,H
03/09/2022,17:45,Twente,PSV Eindhoven,2,1,H,2,0,H
03/09/2022,19:00,Sparta Rotterdam,Volendam,4,0,H,1,0,H
03/09/2022,20:00,Go Ahead Eagles,Feyenoord,3,4,A,2,2,D
04/09/2022,11:15,Waalwijk,Excelsior,5,2,H,1,2,A
04/09/2022,13:30,FC Emmen,AZ Alkmaar,0,3,A,0,3,A
04/09/2022,13:30,Heerenveen,Nijmegen,0,0,D,0,0,D
04/09/2022,15:45,Groningen,Vitesse,0,1,A,0,0,D
09/09/2022,19:00,Volendam,Go Ahead Eagles,2,3,A,1,1,D
10/09/2022,15:30,Nijmegen,For Sittard,1,1,D,0,0,D
10/09/2022,17:45,Ajax,Heerenveen,5,0,H,2,0,H
10/09/2022,20:00,Excelsior,FC Emmen,2,1,H,0,1,A
11/09/2022,11:15,Utrecht,Vitesse,1,0,H,0,0,D
11/09/2022,13:30,Cambuur,Groningen,0,1,A,0,0,D
11/09/2022,13:30,PSV Eindhoven,Waalwijk,1,0,H,0,0,D
11/09/2022,15:45,AZ Alkmaar,Twente,1,1,D,0,0,D
11/09/2022,19:00,Feyenoord,Sparta Rotterdam,3,0,H,2,0,H
16/09/2022,19:00,Utrecht,Nijmegen,0,0,D,0,0,D
17/09/2022,15:30,Sparta Rotterdam,Groningen,2,1,H,0,0,D
17/09/2022,17:45,Vitesse,Volendam,1,1,D,0,1,A
17/09/2022,19:00,Waalwijk,Cambuur,5,1,H,1,1,D
17/09/2022,20:00,For Sittard,Excelsior,1,0,H,0,0,D
18/09/2022,11:15,Go Ahead Eagles,FC Emmen,2,0,H,1,0,H
18/09/2022,13:30,Heerenveen,Twente,2,1,H,2,1,H
18/09/2022,13:30,PSV Eindhoven,Feyenoord,4,3,H,2,2,D
18/09/2022,15:45,AZ Alkmaar,Ajax,2,1,H,2,1,H
01/10/2022,15:30,Cambuur,PSV Eindhoven,3,0,H,0,0,D
01/10/2022,17:45,Groningen,AZ Alkmaar,1,4,A,1,2,A
01/10/2022,19:00,Ajax,Go Ahead Eagles,1,1,D,1,0,H
01/10/2022,20:00,Twente,Vitesse,3,0,H,1,0,H
02/10/2022,11:15,For Sittard,Volendam,2,0,H,2,0,H
02/10/2022,13:30,Excelsior,Utrecht,0,1,A,0,1,A
02/10/2022,13:30,Nijmegen,Feyenoord,1,1,D,1,1,D
02/10/2022,15:45,Waalwijk,Sparta Rotterdam,2,2,D,1,1,D
02/10/2022,19:00,FC Emmen,Heerenveen,0,0,D,0,0,D
07/10/2022,19:00,Groningen,Waalwijk,2,3,A,1,1,D
08/10/2022,15:30,Volendam,Ajax,2,4,A,0,2,A
08/10/2022,17:45,Sparta Rotterdam,FC Emmen,3,1,H,1,0,H
08/10/2022,20:00,Nijmegen,Excelsior,1,1,D,0,0,D
09/10/2022,11:15,Go Ahead Eagles,Cambuur,0,0,D,0,0,D
09/10/2022,13:30,Feyenoord,Twente,2,0,H,1,0,H
09/10/2022,13:30,Utrecht,AZ Alkmaar,1,2,A,0,1,A
09/10/2022,15:45,Heerenveen,PSV Eindhoven,0,1,A,0,0,D
09/10/2022,19:00,Vitesse,For Sittard,1,2,A,1,1,D
14/10/2022,19:00,FC Emmen,Volendam,1,1,D,0,0,D
15/10/2022,17:45,For Sittard,Waalwijk,0,0,D,0,0,D
15/10/2022,19:00,Go Ahead Eagles,Heerenveen,1,1,D,0,0,D
15/10/2022,20:00,Cambuur,Vitesse,0,3,A,0,1,A
16/10/2022,11:15,Sparta Rotterdam,Nijmegen,2,0,H,2,0,H
16/10/2022,13:30,PSV Eindhoven,Utrecht,6,1,H,3,1,H
16/10/2022,13:30,Twente,Groningen,3,0,H,0,0,D
16/10/2022,15:45,AZ Alkmaar,Feyenoord,1,3,A,1,1,D
16/10/2022,19:00,Ajax,Excelsior,7,1,H,3,0,H
22/10/2022,15:30,Feyenoord,For Sittard,1,1,D,0,1,A
22/10/2022,17:45,Waalwijk,Ajax,1,4,A,1,1,D
22/10/2022,20:00,Vitesse,FC Emmen,2,1,H,2,0,H
23/10/2022,11:15,Excelsior,AZ Alkmaar,2,1,H,2,0,H
23/10/2022,13:30,Cambuur,Twente,0,1,A,0,0,D
23/10/2022,13:30,Groningen,PSV Eindhoven,4,2,H,3,1,H
23/10/2022,13:30,Nijmegen,Go Ahead Eagles,3,3,D,1,2,A
23/10/2022,15:45,Utrecht,Sparta Rotterdam,3,1,H,1,0,H
23/10/2022,19:00,Volendam,Heerenveen,1,3,A,1,1,D
29/10/2022,15:30,Heerenveen,Utrecht,1,2,A,1,1,D
29/10/2022,17:45,Sparta Rotterdam,For Sittard,3,1,H,1,1,D
29/10/2022,20:00,Go Ahead Eagles,Excelsior,3,1,H,2,0,H
30/10/2022,11:15,FC Emmen,Groningen,0,0,D,0,0,D
30/10/2022,13:30,PSV Eindhoven,Nijmegen,3,0,H,1,0,H
30/10/2022,13:30,Twente,Waalwijk,3,0,H,2,0,H
30/10/2022,15:45,AZ Alkmaar,Volendam,2,1,H,2,0,H
04/11/2022,19:00,Cambuur,Nijmegen,0,1,A,0,1,A
05/11/2022,15:30,Vitesse,Sparta Rotterdam,0,4,A,0,0,D
05/11/2022,17:45,For Sittard,FC Emmen,0,1,A,0,0,D
05/11/2022,20:00,Excelsior,Heerenveen,0,1,A,0,0,D
06/11/2022,11:15,Utrecht,Groningen,2,1,H,0,1,A
06/11/2022,13:30,Twente,Go Ahead Eagles,1,1,D,1,0,H
06/11/2022,13:30,Volendam,Feyenoord,0,2,A,0,2,A
06/11/2022,15:45,Ajax,PSV Eindhoven,1,2,A,0,1,A
06/11/2022,15:45,Waalwijk,AZ Alkmaar,3,1,H,1,1,D
09/11/2022,19:00,Ajax,Vitesse,2,2,D,1,1,D
10/11/2022,19:00,Feyenoord,Cambuur,1,0,H,1,0,H
11/11/2022,19:00,Sparta Rotterdam,Twente,1,1,D,0,0,D
12/11/2022,15:30,Volendam,Utrecht,0,4,A,0,1,A
12/11/2022,17:45,FC Emmen,Ajax,3,3,D,1,3,A
12/11/2022,20:00,PSV Eindhoven,AZ Alkmaar,0,1,A,0,1,A
13/11/2022,11:15,Nijmegen,Waalwijk,6,1,H,1,1,D
13/11/2022,13:30,Groningen,For Sittard,2,3,A,1,0,H
13/11/2022,13:30,Heerenveen,Cambuur,2,1,H,1,1,D
13/11/2022,15:45,Feyenoord,Excelsior,5,1,H,2,1,H
13/11/2022,19:00,Go Ahead Eagles,Vitesse,2,2,D,2,0,H
06/01/2023,19:00,Twente,FC Emmen,2,0,H,1,0,H
07/01/2023,15:30,Waalwijk,Heerenveen,0,0,D,0,0,D
07/01/2023,17:45,AZ Alkmaar,Vitesse,1,1,D,0,0,D
07/01/2023,19:00,For Sittard,Go Ahead Eagles,0,2,A,0,2,A
07/01/2023,20:00,PSV Eindhoven,Sparta Rotterdam,0,0,D,0,0,D
08/01/2023,11:15,Utrecht,Feyenoord,1,1,D,1,0,H
08/01/2023,13:30,Cambuur,Volendam,0,3,A,0,2,A
08/01/2023,13:30,Nijmegen,Ajax,1,1,D,0,1,A
08/01/2023,15:45,Excelsior,Groningen,1,0,H,0,0,D
14/01/2023,17:45,Heerenveen,AZ Alkmaar,0,2,A,0,1,A
14/01/2023,17:45,Volendam,Waalwijk,2,1,H,0,0,D
14/01/2023,20:00,Ajax,Twente,0,0,D,0,0,D
14/01/2023,20:00,Sparta Rotterdam,Excelsior,1,0,H,0,0,D
15/01/2023,11:15,Vitesse,Nijmegen,0,0,D,0,0,D
15/01/2023,13:30,For Sittard,PSV Eindhoven,2,2,D,1,0,H
15/01/2023,13:30,Go Ahead Eagles,Utrecht,2,2,D,1,2,A
15/01/2023,15:45,FC Emmen,Cambuur,0,0,D,0,0,D
15/01/2023,15:45,Groningen,Feyenoord,0,3,A,0,2,A
20/01/2023,19:00,Excelsior,Volendam,2,0,H,1,0,H
21/01/2023,17:45,Nijmegen,FC Emmen,3,1,H,2,1,H
21/01/2023,19:00,Cambuur,Sparta Rotterdam,0,3,A,0,2,A
21/01/2023,19:00,PSV Eindhoven,Vitesse,1,0,H,0,0,D
22/01/2023,11:15,Heerenveen,Groningen,3,1,H,1,1,D
22/01/2023,13:30,Feyenoord,Ajax,1,1,D,1,0,H
22/01/2023,13:30,Twente,Utrecht,2,0,H,1,0,H
22/01/2023,15:45,AZ Alkmaar,For Sittard,3,1,H,2,1,H
24/01/2023,17:45,FC Emmen,PSV Eindhoven,1,0,H,1,0,H
24/01/2023,20:00,Sparta Rotterdam,Waalwijk,0,0,D,0,0,D
25/01/2023,17:45,Go Ahead Eagles,AZ Alkmaar,1,4,A,0,1,A
25/01/2023,17:45,Vitesse,Twente,2,2,D,1,1,D
25/01/2023,19:00,For Sittard,Heerenveen,2,0,H,0,0,D
25/01/2023,20:00,Feyenoord,Nijmegen,2,0,H,2,0,H
25/01/2023,20:00,Utrecht,Excelsior,1,0,H,1,0,H
26/01/2023,17:45,Groningen,Cambuur,0,1,A,0,0,D
26/01/2023,20:00,Ajax,Volendam,1,1,D,0,0,D
28/01/2023,15:30,PSV Eindhoven,Go Ahead Eagles,2,0,H,1,0,H
28/01/2023,17:45,Waalwijk,FC Emmen,2,0,H,2,0,H
28/01/2023,19:00,Heerenveen,Vitesse,1,3,A,1,2,A
28/01/2023,19:00,Nijmegen,Sparta Rotterdam,1,1,D,0,0,D
28/01/2023,20:00,AZ Alkmaar,Utrecht,5,5,D,3,3,D
29/01/2023,11:15,Twente,Feyenoord,1,1,D,0,1,A
29/01/2023,13:30,Excelsior,Ajax,1,4,A,1,2,A
29/01/2023,13:30,Volendam,Groningen,3,2,H,1,0,H
29/01/2023,15:45,Cambuur,For Sittard,1,2,A,1,0,H
01/02/2023,19:00,Waalwijk,Go Ahead Eagles,3,1,H,1,1,D
03/02/2023,19:00,For Sittard,Sparta Rotterdam,0,0,D,0,0,D
04/02/2023,17:45,Volendam,AZ Alkmaar,1,1,D,0,0,D
04/02/2023,19:00,FC Emmen,Vitesse,2,2,D,1,2,A
04/02/2023,19:00,Utrecht,Heerenveen,1,0,H,0,0,D
04/02/2023,20:00,Excelsior,Waalwijk,0,0,D,0,0,D
05/02/2023,11:15,Cambuur,Ajax,0,5,A,0,2,A
05/02/2023,13:30,Feyenoord,PSV Eindhoven,2,2,D,0,1,A
05/02/2023,13:30,Go Ahead Eagles,Nijmegen,1,0,H,1,0,H
05/02/2023,15:45,Groningen,Twente,1,1,D,0,1,A
10/02/2023,19:00,AZ Alkmaar,Excelsior,5,0,H,5,0,H
11/02/2023,17:45,Nijmegen,Cambuur,0,0,D,0,0,D
11/02/2023,19:00,PSV Eindhoven,Groningen,6,0,H,1,0,H
11/02/2023,20:00,FC Emmen,For Sittard,0,1,A,0,0,D
12/02/2023,11:15,Sparta Rotterdam,Go Ahead Eagles,2,1,H,1,0,H
12/02/2023,13:30,Heerenveen,Feyenoord,1,2,A,0,2,A
12/02/2023,13:30,Vitesse,Utrecht,2,0,H,0,0,D
12/02/2023,15:45,Ajax,Waalwijk,3,1,H,0,1,A
12/02/2023,15:45,Twente,Volendam,3,0,H,3,0,H
17/02/2023,19:00,Waalwijk,For Sittard,3,1,H,0,0,D
18/02/2023,15:30,Volendam,Vitesse,2,0,H,1,0,H
18/02/2023,17:45,Groningen,FC Emmen,1,1,D,1,1,D
18/02/2023,20:00,Feyenoord,AZ Alkmaar,2,1,H,1,1,D
19/02/2023,11:15,Cambuur,Heerenveen,1,2,A,1,1,D
19/02/2023,13:30,Go Ahead Eagles,Twente,2,0,H,2,0,H
19/02/2023,13:30,Utrecht,PSV Eindhoven,2,2,D,1,1,D
19/02/2023,15:45,Ajax,Sparta Rotterdam,4,0,H,2,0,H
19/02/2023,19:00,Excelsior,Nijmegen,0,3,A,0,1,A
24/02/2023,19:00,Sparta Rotterdam,Utrecht,0,3,A,0,0,D
25/02/2023,15:30,Groningen,Excelsior,3,0,H,1,0,H
25/02/2023,17:45,Heerenveen,Waalwijk,1,4,A,1,0,H
25/02/2023,19:00,AZ Alkmaar,Cambuur,2,1,H,1,0,H
25/02/2023,20:00,Nijmegen,Volendam,3,0,H,0,0,D
26/02/2023,11:15,For Sittard,Feyenoord,2,4,A,0,3,A
26/02/2023,13:30,FC Emmen,Go Ahead Eagles,2,2,D,1,1,D
26/02/2023,13:30,Vitesse,Ajax,1,2,A,1,1,D
26/02/2023,15:45,PSV Eindhoven,Twente,3,1,H,1,0,H
03/03/2023,19:00,Utrecht,For Sittard,1,2,A,0,0,D
03/03/2023,19:00,Vitesse,AZ Alkmaar,0,1,A,0,1,A
04/03/2023,17:45,Volendam,FC Emmen,3,1,H,0,0,D
04/03/2023,19:00,Feyenoord,Groningen,1,0,H,0,0,D
04/03/2023,20:00,Twente,Heerenveen,3,3,D,1,1,D
05/03/2023,11:15,Excelsior,Sparta Rotterdam,1,4,A,1,1,D
05/03/2023,13:30,Waalwijk,PSV Eindhoven,0,1,A,0,1,A
05/03/2023,15:45,Ajax,Nijmegen,1,0,H,0,0,D
05/03/2023,19:00,Cambuur,Go Ahead Eagles,4,1,H,2,1,H
11/03/2023,15:30,FC Emmen,Excelsior,2,0,H,0,0,D
11/03/2023,17:45,For Sittard,Twente,0,3,A,0,0,D
11/03/2023,19:00,AZ Alkmaar,Groningen,1,0,H,1,0,H
11/03/2023,20:00,Sparta Rotterdam,Vitesse,3,1,H,2,1,H
12/03/2023,11:15,Nijmegen,Utrecht,2,2,D,1,0,H
12/03/2023,13:30,Heerenveen,Ajax,2,4,A,1,3,A
12/03/2023,15:45,PSV Eindhoven,Cambuur,5,2,H,1,1,D
12/03/2023,19:00,Feyenoord,Volendam,2,1,H,0,1,A
17/03/2023,19:00,Volendam,For Sittard,2,1,H,1,0,H
18/03/2023,15:30,Utrecht,Go Ahead Eagles,1,2,A,1,1,D
18/03/2023,17:45,FC Emmen,Sparta Rotterdam,0,2,A,0,1,A
18/03/2023,20:00,Waalwijk,Nijmegen,1,3,A,0,3,A
19/03/2023,11:15,Groningen,Heerenveen,0,2,A,0,2,A
19/03/2023,13:30,Ajax,Feyenoord,2,3,A,2,1,H
19/03/2023,13:30,Excelsior,Cambuur,4,1,H,4,0,H
19/03/2023,15:45,Vitesse,PSV Eindhoven,1,1,D,0,1,A
19/03/2023,19:00,Twente,AZ Alkmaar,2,1,H,2,0,H
01/04/2023,15:30,AZ Alkmaar,Heerenveen,1,1,D,0,1,A
01/04/2023,17:45,Excelsior,Twente,0,0,D,0,0,D
01/04/2023,19:00,Cambuur,FC Emmen,1,2,A,0,0,D
01/04/2023,19:00,Nijmegen,PSV Eindhoven,2,4,A,0,3,A
01/04/2023,20:00,Waalwijk,Vitesse,1,0,H,1,0,H
02/04/2023,11:15,Go Ahead Eagles,Ajax,0,0,D,0,0,D
02/04/2023,13:30,Sparta Rotterdam,Feyenoord,1,3,A,1,1,D
02/04/2023,13:30,Utrecht,Volendam,0,0,D,0,0,D
02/04/2023,15:45,For Sittard,Groningen,3,1,H,2,0,H
07/04/2023,19:00,Groningen,Utrecht,1,2,A,1,1,D
08/04/2023,17:45,Vitesse,Go Ahead Eagles,2,0,H,1,0,H
08/04/2023,19:00,AZ Alkmaar,Sparta Rotterdam,0,1,A,0,1,A
08/04/2023,19:00,PSV Eindhoven,Excelsior,4,0,H,1,0,H
08/04/2023,20:00,Heerenveen,Volendam,2,1,H,2,1,H
09/04/2023,11:15,Twente,Cambuur,4,0,H,3,0,H
09/04/2023,13:30,FC Emmen,Nijmegen,0,0,D,0,0,D
09/04/2023,15:45,Ajax,For Sittard,4,0,H,2,0,H
09/04/2023,19:00,Feyenoord,Waalwijk,5,1,H,3,0,H
14/04/2023,19:00,Excelsior,Go Ahead Eagles,2,1,H,0,0,D
15/04/2023,17:45,Waalwijk,Groningen,2,1,H,0,0,D
15/04/2023,20:00,Sparta Rotterdam,Heerenveen,4,0,H,1,0,H
16/04/2023,11:15,Nijmegen,Vitesse,1,4,A,0,2,A
16/04/2023,13:30,Utrecht,Twente,1,0,H,0,0,D
16/04/2023,13:30,Volendam,PSV Eindhoven,2,3,A,0,2,A
16/04/2023,15:45,Cambuur,Feyenoord,0,3,A,0,1,A
16/04/2023,19:00,Ajax,FC Emmen,3,1,H,2,0,H
16/04/2023,19:00,For Sittard,AZ Alkmaar,0,3,A,0,2,A
19/04/2023,17:45,Go Ahead Eagles,Waalwijk,3,2,H,2,1,H
21/04/2023,19:00,Volendam,Cambuur,2,0,H,1,0,H
22/04/2023,17:45,Heerenveen,FC Emmen,2,3,A,1,0,H
22/04/2023,20:00,Vitesse,Excelsior,0,0,D,0,0,D
23/04/2023,11:15,Twente,Sparta Rotterdam,3,3,D,1,2,A
23/04/2023,13:30,Go Ahead Eagles,For Sittard,2,0,H,1,0,H
23/04/2023,13:30,PSV Eindhoven,Ajax,3,0,H,1,0,H
23/04/2023,15:45,Feyenoord,Utrecht,3,1,H,1,0,H
23/04/2023,19:00,AZ Alkmaar,Waalwijk,3,0,H,1,0,H
25/04/2023,14:00,Groningen,Nijmegen,0,1,A,0,0,D
05/05/2023,19:00,Waalwijk,Volendam,4,1,H,2,0,H
06/05/2023,17:45,Sparta Rotterdam,PSV Eindhoven,0,1,A,0,0,D
06/05/2023,19:00,Cambuur,Utrecht,0,3,A,0,2,A
06/05/2023,19:00,Nijmegen,Heerenveen,2,3,A,1,1,D
06/05/2023,20:00,Ajax,AZ Alkmaar,0,0,D,0,0,D
07/05/2023,11:15,FC Emmen,Twente,0,3,A,0,0,D
07/05/2023,13:30,Excelsior,Feyenoord,0,2,A,0,1,A
07/05/2023,13:30,Go Ahead Eagles,Groningen,1,1,D,1,1,D
07/05/2023,15:45,For Sittard,Vitesse,2,0,H,0,0,D
12/05/2023,19:00,Twente,Nijmegen,4,0,H,1,0,H
13/05/2023,17:45,Volendam,Sparta Rotterdam,2,1,H,1,1,D
13/05/2023,19:00,Heerenveen,Excelsior,0,0,D,0,0,D
13/05/2023,20:00,Utrecht,Waalwijk,2,0,H,0,0,D
14/05/2023,11:15,Vitesse,Cambuur,2,0,H,0,0,D
14/05/2023,15:45,Feyenoord,Go Ahead Eagles,3,0,H,2,0,H
14/05/2023,19:00,AZ Alkmaar,FC Emmen,5,1,H,5,0,H
14/05/2023,19:00,PSV Eindhoven,For Sittard,2,1,H,1,1,D
14/05/2023,13:30,Groningen,Ajax,2,3,A,1,1,D
21/05/2023,13:30,Ajax,Utrecht,3,1,H,1,0,H
21/05/2023,13:30,Excelsior,For Sittard,3,0,H,0,0,D
21/05/2023,13:30,FC Emmen,Feyenoord,1,3,A,1,1,D
21/05/2023,13:30,Go Ahead Eagles,Volendam,3,0,H,1,0,H
21/05/2023,13:30,Nijmegen,AZ Alkmaar,0,3,A,0,2,A
21/05/2023,13:30,PSV Eindhoven,Heerenveen,3,3,D,1,2,A
21/05/2023,13:30,Sparta Rotterdam,Cambuur,4,1,H,3,1,H
21/05/2023,13:30,Vitesse,Groningen,6,0,H,2,0,H
21/05/2023,13:30,Waalwijk,Twente,0,5,A,0,2,A
28/05/2023,13:30,AZ Alkmaar,PSV Eindhoven,1,2,A,0,0,D
28/05/2023,13:30,Cambuur,Waalwijk,4,0,H,2,0,H
28/05/2023,13:30,Feyenoord,Vitesse,0,1,A,0,1,A
28/05/2023,13:30,For Sittard,Nijmegen,1,1,D,0,0,D
28/05/2023,13:30,Groningen,Sparta Rotterdam,0,5,A,0,1,A
28/05/2023,13:30,Heerenveen,Go Ahead Eagles,2,0,H,1,0,H
28/05/2023,13:30,Twente,Ajax,3,1,H,0,1,A
28/05/2023,13:30,Utrecht,FC Emmen,3,2,H,1,1,D
28/05/2023,13:30,Volendam,Excelsior,3,2,H,3,0,H
11/08/2023,19:00,Volendam,Vitesse,1,2,A,1,0,H
12/08/2023,15:30,PSV Eindhoven,Utrecht,2,0,H,1,0,H
12/08/2023,17:45,Heerenveen,Waalwijk,3,1,H,3,0,H
12/08/2023,19:00,Ajax,Heracles,4,1,H,1,1,D
12/08/2023,20:00,Zwolle,Sparta Rotterdam,1,2,A,0,1,A
13/08/2023,11:15,Nijmegen,Excelsior,3,4,A,2,1,H
13/08/2023,13:30,AZ Alkmaar,Go Ahead Eagles,5,1,H,2,0,H
13/08/2023,13:30,Feyenoord,For Sittard,0,0,D,0,0,D
13/08/2023,15:45,Almere City,Twente,1,4,A,0,0,D
18/08/2023,19:00,Heracles,Nijmegen,2,1,H,0,1,A
19/08/2023,15:30,Excelsior,Ajax,2,2,D,1,1,D
19/08/2023,17:45,Vitesse,PSV Eindhoven,1,3,A,1,0,H
19/08/2023,19:00,For Sittard,Almere City,2,1,H,2,1,H
19/08/2023,20:00,Go Ahead Eagles,Volendam,4,1,H,3,0,H
20/08/2023,11:15,Utrecht,Heerenveen,0,2,A,0,0,D
20/08/2023,13:30,Sparta Rotterdam,Feyenoord,2,2,D,1,0,H
20/08/2023,13:30,Twente,Zwolle,3,1,H,1,1,D
20/08/2023,15:45,Waalwijk,AZ Alkmaar,1,3,A,1,0,H
26/08/2023,17:45,Nijmegen,Waalwijk,3,0,H,1,0,H
26/08/2023,20:00,Excelsior,For Sittard,2,2,D,1,0,H
27/08/2023,11:15,Zwolle,Utrecht,1,0,H,0,0,D
27/08/2023,13:30,Feyenoord,Almere City,6,1,H,3,0,H
27/08/2023,15:45,Heerenveen,Sparta Rotterdam,1,3,A,0,1,A
01/09/2023,19:00,Sparta Rotterdam,Nijmegen,1,1,D,0,0,D
02/09/2023,15:30,Almere City,Zwolle,1,2,A,0,1,A
02/09/2023,17:45,Go Ahead Eagles,Heerenveen,3,2,H,2,1,H
02/09/2023,19:00,Waalwijk,PSV Eindhoven,0,4,A,0,1,A
02/09/2023,20:00,Heracles,Excelsior,3,1,H,0,1,A
03/09/2023,11:15,Utrecht,Feyenoord,1,5,A,1,2,A
03/09/2023,13:30,For Sittard,Ajax,0,0,D,0,0,D
03/09/2023,13:30,Volendam,Twente,0,2,A,0,1,A
03/09/2023,15:45,Vitesse,AZ Alkmaar,0,2,A,0,0,D
16/09/2023,15:30,Feyenoord,Heerenveen,6,1,H,3,1,H
16/09/2023,17:45,Vitesse,Waalwijk,0,2,A,0,1,A
16/09/2023,19:00,For Sittard,Volendam,3,1,H,0,1,A
16/09/2023,19:00,PSV Eindhoven,Nijmegen,4,0,H,2,0,H
16/09/2023,20:00,Heracles,Utrecht,1,3,A,0,2,A
17/09/2023,11:15,Zwolle,Go Ahead Eagles,1,1,D,0,0,D
17/09/2023,13:30,Excelsior,Almere City,0,0,D,0,0,D
17/09/2023,13:30,Twente,Ajax,3,1,H,2,1,H
17/09/2023,15:45,AZ Alkmaar,Sparta Rotterdam,2,0,H,2,0,H
22/09/2023,19:00,Go Ahead Eagles,For Sittard,3,0,H,1,0,H
23/09/2023,15:30,Volendam,Heracles,2,2,D,0,0,D
23/09/2023,17:45,Nijmegen,Utrecht,3,0,H,2,0,H
23/09/2023,19:00,Almere City,PSV Eindhoven,0,4,A,0,2,A
23/09/2023,20:00,Heerenveen,Excelsior,0,3,A,0,2,A
24/09/2023,11:15,Sparta Rotterdam,Vitesse,1,0,H,1,0,H
24/09/2023,15:45,Waalwijk,Twente,1,0,H,0,0,D
24/09/2023,15:45,Zwolle,AZ Alkmaar,0,3,A,0,1,A
27/09/2023,13:00,Ajax,Feyenoord,0,4,A,0,3,A
27/09/2023,17:45,PSV Eindhoven,Go Ahead Eagles,3,0,H,1,0,H
27/09/2023,19:00,Twente,Vitesse,1,0,H,1,0,H
28/09/2023,19:00,AZ Alkmaar,Heracles,1,1,D,1,0,H
30/09/2023,15:30,Feyenoord,Go Ahead Eagles,3,1,H,1,0,H
30/09/2023,17:45,PSV Eindhoven,Volendam,3,1,H,1,0,H
30/09/2023,17:45,Utrecht,Almere City,0,2,A,0,0,D
30/09/2023,20:00,Twente,Heerenveen,1,0,H,0,0,D
01/10/2023,11:15,Nijmegen,Vitesse,1,3,A,1,1,D
01/10/2023,13:30,Excelsior,Sparta Rotterdam,2,1,H,0,0,D
01/10/2023,13:30,Heracles,Zwolle,2,1,H,0,0,D
01/10/2023,15:45,AZ Alkmaar,For Sittard,4,0,H,1,0,H
06/10/2023,19:00,Volendam,Utrecht,1,0,H,0,0,D
07/10/2023,15:30,Heerenveen,Nijmegen,1,1,D,1,1,D
07/10/2023,17:45,Almere City,Waalwijk,1,0,H,1,0,H
07/10/2023,19:00,Go Ahead Eagles,Heracles,4,0,H,2,0,H
07/10/2023,20:00,Vitesse,Excelsior,0,0,D,0,0,D
08/10/2023,11:15,Zwolle,Feyenoord,0,2,A,0,1,A
08/10/2023,13:30,Ajax,AZ Alkmaar,1,2,A,0,1,A
08/10/2023,13:30,For Sittard,Twente,0,3,A,0,1,A
08/10/2023,15:45,Sparta Rotterdam,PSV Eindhoven,0,4,A,0,0,D
21/10/2023,17:45,PSV Eindhoven,For Sittard,3,1,H,1,0,H
21/10/2023,17:45,Waalwijk,Volendam,2,1,H,1,0,H
21/10/2023,19:00,Nijmegen,Almere City,1,1,D,0,1,A
21/10/2023,20:00,AZ Alkmaar,Heerenveen,3,0,H,1,0,H
21/10/2023,20:00,Feyenoord,Vitesse,4,0,H,2,0,H
22/10/2023,11:15,Utrecht,Ajax,4,3,H,1,0,H
22/10/2023,13:30,Excelsior,Zwolle,2,4,A,1,0,H
22/10/2023,13:30,Heracles,Twente,2,2,D,0,2,A
22/10/2023,15:45,Go Ahead Eagles,Sparta Rotterdam,0,0,D,0,0,D
27/10/2023,19:00,Vitesse,Zwolle,1,1,D,0,1,A
28/10/2023,17:45,Heerenveen,Heracles,3,0,H,2,0,H
28/10/2023,19:00,Almere City,Go Ahead Eagles,0,0,D,0,0,D
28/10/2023,19:00,Sparta Rotterdam,Waalwijk,2,0,H,0,0,D
28/10/2023,20:00,For Sittard,Utrecht,0,0,D,0,0,D
29/10/2023,11:15,Twente,Feyenoord,2,1,H,1,0,H
29/10/2023,13:30,PSV Eindhoven,Ajax,5,2,H,1,2,A
29/10/2023,13:30,Volendam,Excelsior,3,1,H,0,1,A
02/11/2023,19:00,Ajax,Volendam,2,0,H,0,0,D
04/11/2023,15:30,Heracles,PSV Eindhoven,0,6,A,0,2,A
04/11/2023,17:45,Excelsior,AZ Alkmaar,1,1,D,0,0,D
04/11/2023,17:45,Waalwijk,Feyenoord,1,2,A,1,1,D
04/11/2023,20:00,Go Ahead Eagles,Vitesse,5,1,H,1,0,H
05/11/2023,11:15,Utrecht,Twente,1,1,D,1,1,D
05/11/2023,13:30,Nijmegen,Volendam,3,3,D,1,1,D
05/11/2023,13:30,Zwolle,For Sittard,2,0,H,1,0,H
05/11/2023,15:45,Ajax,Heerenveen,4,1,H,2,1,H
05/11/2023,15:45,Sparta Rotterdam,Almere City,1,2,A,0,1,A
10/11/2023,19:00,For Sittard,Heracles,4,1,H,4,0,H
11/11/2023,17:45,Waalwijk,Go Ahead Eagles,0,1,A,0,1,A
11/11/2023,19:00,Twente,Nijmegen,3,3,D,1,0,H
11/11/2023,20:00,Vitesse,Heerenveen,1,3,A,1,1,D
12/11/2023,11:15,PSV Eindhoven,Zwolle,4,0,H,2,0,H
12/11/2023,13:30,Almere City,Ajax,2,2,D,0,0,D
12/11/2023,13:30,Volendam,Sparta Rotterdam,1,4,A,1,2,A
12/11/2023,15:45,Feyenoord,AZ Alkmaar,1,0,H,1,0,H
12/11/2023,19:00,Utrecht,Excelsior,2,2,D,0,0,D
25/11/2023,15:30,Excelsior,Feyenoord,2,4,A,1,1,D
25/11/2023,17:45,Heerenveen,For Sittard,3,0,H,1,0,H
25/11/2023,17:45,Twente,PSV Eindhoven,0,3,A,0,1,A
25/11/2023,20:00,Ajax,Vitesse,5,0,H,2,0,H
25/11/2023,20:00,Zwolle,Waalwijk,1,2,A,1,1,D
26/11/2023,11:15,Almere City,Heracles,0,5,A,0,1,A
26/11/2023,13:30,AZ Alkmaar,Volendam,3,0,H,1,0,H
26/11/2023,13:30,Nijmegen,Go Ahead Eagles,1,1,D,0,0,D
26/11/2023,15:45,Sparta Rotterdam,Utrecht,1,2,A,1,1,D
01/12/2023,19:00,Heerenveen,Almere City,3,0,H,2,0,H
02/12/2023,17:45,Volendam,Zwolle,0,5,A,0,0,D
02/12/2023,19:00,For Sittard,Vitesse,3,1,H,2,0,H
02/12/2023,19:00,Waalwijk,Excelsior,2,2,D,1,0,H
02/12/2023,20:00,Heracles,Sparta Rotterdam,0,1,A,0,0,D
03/12/2023,11:15,Feyenoord,PSV Eindhoven,1,2,A,0,0,D
03/12/2023,13:30,Go Ahead Eagles,Twente,1,3,A,0,2,A
03/12/2023,13:30,Nijmegen,Ajax,1,2,A,0,0,D
03/12/2023,15:45,Utrecht,AZ Alkmaar,1,1,D,0,1,A
06/12/2023,18:00,AZ Alkmaar,Nijmegen,1,2,A,0,2,A
06/12/2023,19:00,Waalwijk,Ajax,2,3,A,1,2,A
07/12/2023,17:45,PSV Eindhoven,Heerenveen,2,0,H,1,0,H
07/12/2023,20:00,Feyenoord,Volendam,3,1,H,1,1,D
08/12/2023,19:00,Twente,Excelsior,4,2,H,1,2,A
09/12/2023,17:45,Ajax,Sparta Rotterdam,2,1,H,2,0,H
09/12/2023,19:00,Zwolle,Nijmegen,1,3,A,0,1,A
09/12/2023,20:00,AZ Alkmaar,Almere City,4,1,H,1,0,H
10/12/2023,11:15,Go Ahead Eagles,Utrecht,0,2,A,0,2,A
10/12/2023,13:30,For Sittard,Waalwijk,1,0,H,0,0,D
10/12/2023,15:45,Vitesse,Heracles,2,0,H,1,0,H
15/12/2023,19:00,Nijmegen,For Sittard,4,1,H,2,0,H
16/12/2023,15:30,Utrecht,Waalwijk,1,1,D,1,1,D
16/12/2023,17:45,Excelsior,Go Ahead Eagles,1,1,D,0,0,D
16/12/2023,20:00,Heerenveen,Volendam,1,2,A,0,1,A
17/12/2023,11:15,Almere City,Vitesse,5,0,H,2,0,H
17/12/2023,13:30,Heracles,Feyenoord,0,4,A,0,2,A
17/12/2023,13:30,Sparta Rotterdam,Twente,2,2,D,0,1,A
17/12/2023,15:45,Ajax,Zwolle,2,2,D,1,0,H
17/12/2023,19:00,AZ Alkmaar,PSV Eindhoven,0,4,A,0,3,A
12/01/2024,19:00,Waalwijk,Heracles,1,2,A,0,1,A
13/01/2024,15:30,For Sittard,Sparta Rotterdam,0,2,A,0,1,A
13/01/2024,17:45,Twente,AZ Alkmaar,2,1,H,1,1,D
13/01/2024,19:00,Zwolle,Heerenveen,2,2,D,0,1,A
13/01/2024,20:00,PSV Eindhoven,Excelsior,3,1,H,2,0,H
14/01/2024,11:15,Volendam,Almere City,0,1,A,0,1,A
14/01/2024,13:30,Go Ahead Eagles,Ajax,2,3,A,1,2,A
14/01/2024,13:30,Vitesse,Utrecht,0,0,D,0,0,D
14/01/2024,15:45,Feyenoord,Nijmegen,2,2,D,2,1,H
19/01/2024,19:00,Excelsior,Heerenveen,3,0,H,2,0,H
20/01/2024,15:30,Nijmegen,Twente,1,0,H,0,0,D
20/01/2024,17:45,Heracles,Volendam,1,1,D,0,1,A
20/01/2024,19:00,AZ Alkmaar,Zwolle,2,2,D,0,0,D
21/01/2024,11:15,Utrecht,PSV Eindhoven,1,1,D,0,1,A
21/01/2024,13:30,Sparta Rotterdam,Go Ahead Eagles,0,2,A,0,1,A
21/01/2024,13:30,Vitesse,Feyenoord,1,2,A,0,1,A
21/01/2024,15:45,Ajax,Waalwijk,4,1,H,2,1,H
24/01/2024,17:45,Almere City,For Sittard,0,0,D,0,0,D
26/01/2024,19:00,Zwolle,Vitesse,1,0,H,1,0,H
27/01/2024,17:45,PSV Eindhoven,Almere City,2,0,H,1,0,H
27/01/2024,17:45,Waalwijk,Sparta Rotterdam,1,1,D,0,0,D
27/01/2024,20:00,Excelsior,Utrecht,1,1,D,0,0,D
27/01/2024,20:00,Heracles,Ajax,2,4,A,1,1,D
28/01/2024,11:15,Heerenveen,AZ Alkmaar,2,2,D,1,1,D
28/01/2024,13:30,Feyenoord,Twente,0,0,D,0,0,D
28/01/2024,13:30,Go Ahead Eagles,Nijmegen,2,2,D,0,1,A
28/01/2024,15:45,Volendam,For Sittard,0,1,A,0,0,D
02/02/2024,19:00,Almere City,Excelsior,2,1,H,1,1,D
03/02/2024,15:30,Twente,Waalwijk,3,0,H,1,0,H
03/02/2024,17:45,For Sittard,Heerenveen,3,3,D,0,2,A
03/02/2024,19:00,Ajax,PSV Eindhoven,1,1,D,1,1,D
03/02/2024,20:00,Nijmegen,Heracles,3,1,H,0,1,A
04/02/2024,11:15,Vitesse,Go Ahead Eagles,0,2,A,0,1,A
04/02/2024,13:30,AZ Alkmaar,Feyenoord,0,1,A,0,1,A
04/02/2024,13:30,Utrecht,Volendam,4,2,H,2,1,H
04/02/2024,15:45,Sparta Rotterdam,Zwolle,0,2,A,0,1,A
09/02/2024,19:00,Waalwijk,Nijmegen,2,0,H,2,0,H
10/02/2024,17:45,Excelsior,Twente,0,3,A,0,3,A
10/02/2024,19:00,Almere City,AZ Alkmaar,0,0,D,0,0,D
10/02/2024,20:00,Heracles,Vitesse,3,2,H,1,2,A
11/02/2024,11:15,Go Ahead Eagles,Zwolle,1,1,D,0,0,D
11/02/2024,13:30,Heerenveen,Ajax,3,2,H,2,0,H
11/02/2024,13:30,Utrecht,For Sittard,4,0,H,1,0,H
11/02/2024,15:45,Volendam,PSV Eindhoven,1,5,A,1,1,D
11/02/2024,19:00,Feyenoord,Sparta Rotterdam,2,0,H,0,0,D
16/02/2024,19:00,PSV Eindhoven,Heracles,2,0,H,1,0,H
17/02/2024,17:45,For Sittard,AZ Alkmaar,1,2,A,1,0,H
17/02/2024,17:45,Sparta Rotterdam,Excelsior,4,2,H,2,2,D
17/02/2024,20:00,Heerenveen,Go Ahead Eagles,0,2,A,0,0,D
17/02/2024,20:00,Zwolle,Almere City,0,1,A,0,0,D
18/02/2024,11:15,Twente,Utrecht,0,1,A,0,1,A
18/02/2024,13:30,Ajax,Nijmegen,2,2,D,1,0,H
18/02/2024,13:30,Vitesse,Volendam,1,1,D,1,1,D
18/02/2024,15:45,Feyenoord,Waalwijk,1,0,H,0,0,D
23/02/2024,19:00,Utrecht,Heracles,1,0,H,0,0,D
24/02/2024,17:45,Waalwijk,For Sittard,0,1,A,0,0,D
24/02/2024,19:00,Zwolle,PSV Eindhoven,1,7,A,1,2,A
24/02/2024,20:00,Nijmegen,Sparta Rotterdam,2,0,H,2,0,H
25/02/2024,11:15,Excelsior,Vitesse,1,2,A,0,0,D
25/02/2024,13:30,Almere City,Feyenoord,0,2,A,0,0,D
25/02/2024,13:30,Twente,Go Ahead Eagles,3,0,H,2,0,H
25/02/2024,15:45,AZ Alkmaar,Ajax,2,0,H,1,0,H
25/02/2024,19:00,Volendam,Heerenveen,0,4,A,0,1,A
01/03/2024,19:00,Volendam,Nijmegen,2,5,A,0,3,A
02/03/2024,17:45,Go Ahead Eagles,Waalwijk,1,0,H,0,0,D
02/03/2024,19:00,Vitesse,Twente,1,2,A,1,1,D
02/03/2024,20:00,Sparta Rotterdam,AZ Alkmaar,1,1,D,0,1,A
03/03/2024,11:15,Ajax,Utrecht,2,0,H,1,0,H
03/03/2024,13:30,Heerenveen,Zwolle,2,0,H,1,0,H
03/03/2024,13:30,PSV Eindhoven,Feyenoord,2,2,D,1,1,D
03/03/2024,15:45,For Sittard,Excelsior,5,2,H,4,0,H
03/03/2024,19:00,Heracles,Almere City,2,2,D,0,2,A
08/03/2024,19:00,Go Ahead Eagles,PSV Eindhoven,0,1,A,0,1,A
09/03/2024,17:45,Twente,Sparta Rotterdam,2,1,H,1,0,H
09/03/2024,19:00,Almere City,Utrecht,1,1,D,1,1,D
09/03/2024,20:00,Waalwijk,Vitesse,3,1,H,1,0,H
10/03/2024,11:15,AZ Alkmaar,Excelsior,4,0,H,3,0,H
10/03/2024,13:30,Ajax,For Sittard,2,2,D,1,0,H
10/03/2024,13:30,Zwolle,Volendam,1,1,D,0,0,D
10/03/2024,15:45,Nijmegen,Heerenveen,2,0,H,0,0,D
10/03/2024,19:00,Feyenoord,Heracles,3,0,H,2,0,H
15/03/2024,19:00,Heracles,Go Ahead Eagles,2,0,H,0,0,D
16/03/2024,17:45,For Sittard,Zwolle,3,1,H,1,0,H
16/03/2024,19:00,Excelsior,Waalwijk,1,1,D,1,0,H
16/03/2024,20:00,Vitesse,Almere City,1,1,D,0,1,A
17/03/2024,11:15,Volendam,AZ Alkmaar,0,4,A,0,2,A
17/03/2024,13:30,Heerenveen,Feyenoord,2,3,A,1,1,D
17/03/2024,13:30,Utrecht,Nijmegen,1,0,H,0,0,D
17/03/2024,15:45,Sparta Rotterdam,Ajax,2,2,D,1,0,H
17/03/2024,19:00,PSV Eindhoven,Twente,1,0,H,0,0,D
30/03/2024,15:30,Nijmegen,PSV Eindhoven,3,1,H,1,1,D
30/03/2024,17:45,Sparta Rotterdam,For Sittard,4,0,H,1,0,H
30/03/2024,19:00,Go Ahead Eagles,Excelsior,3,0,H,1,0,H
30/03/2024,19:00,Waalwijk,Heerenveen,1,1,D,0,0,D
30/03/2024,20:00,AZ Alkmaar,Vitesse,2,0,H,0,0,D
31/03/2024,11:15,Zwolle,Ajax,1,3,A,0,2,A
31/03/2024,13:30,Feyenoord,Utrecht,4,2,H,1,2,A
31/03/2024,13:30,Twente,Heracles,1,0,H,0,0,D
31/03/2024,15:45,Almere City,Volendam,1,1,D,0,0,D
02/04/2024,17:45,Vitesse,Sparta Rotterdam,1,4,A,1,3,A
02/04/2024,19:00,Excelsior,PSV Eindhoven,0,2,A,0,0,D
02/04/2024,20:00,For Sittard,Nijmegen,1,1,D,0,0,D
03/04/2024,17:45,Heracles,AZ Alkmaar,5,0,H,3,0,H
03/04/2024,19:00,Utrecht,Zwolle,5,1,H,0,0,D
03/04/2024,20:00,Heerenveen,Twente,3,3,D,2,3,A
04/04/2024,17:45,Volendam,Feyenoord,0,0,D,0,0,D
04/04/2024,19:00,Waalwijk,Almere City,0,0,D,0,0,D
04/04/2024,20:00,Ajax,Go Ahead Eagles,1,1,D,1,0,H
06/04/2024,15:30,Sparta Rotterdam,Heracles,1,2,A,1,0,H
06/04/2024,17:45,PSV Eindhoven,AZ Alkmaar,5,1,H,2,0,H
06/04/2024,19:00,Zwolle,Excelsior,2,1,H,1,0,H
06/04/2024,20:00,Twente,For Sittard,2,0,H,0,0,D
07/04/2024,11:15,Vitesse,Nijmegen,0,3,A,0,0,D
07/04/2024,13:30,Feyenoord,Ajax,6,0,H,3,0,H
07/04/2024,13:30,Go Ahead Eagles,Almere City,1,1,D,1,1,D
07/04/2024,15:45,Volendam,Waalwijk,3,2,H,2,0,H
07/04/2024,19:00,Heerenveen,Utrecht,2,3,A,0,1,A
12/04/2024,19:00,Excelsior,Volendam,4,0,H,2,0,H
13/04/2024,15:30,PSV Eindhoven,Vitesse,6,0,H,3,0,H
13/04/2024,17:45,AZ Alkmaar,Waalwijk,3,2,H,0,2,A
13/04/2024,20:00,Almere City,Sparta Rotterdam,2,3,A,1,2,A
14/04/2024,11:15,Heracles,Heerenveen,0,2,A,0,1,A
14/04/2024,13:30,For Sittard,Feyenoord,0,1,A,0,1,A
14/04/2024,13:30,Utrecht,Go Ahead Eagles,2,1,H,1,1,D
14/04/2024,15:45,Ajax,Twente,2,1,H,0,1,A
14/04/2024,19:00,Nijmegen,Zwolle,2,2,D,0,1,A
24/04/2024,17:45,Twente,Almere City,3,1,H,1,0,H
24/04/2024,20:00,Ajax,Excelsior,2,2,D,1,1,D
25/04/2024,17:45,Heerenveen,PSV Eindhoven,0,8,A,0,5,A
25/04/2024,20:00,Go Ahead Eagles,Feyenoord,1,3,A,1,2,A
28/04/2024,11:15,Nijmegen,AZ Alkmaar,0,3,A,0,1,A
28/04/2024,11:15,Zwolle,Heracles,3,1,H,1,1,D
28/04/2024,13:30,Sparta Rotterdam,Volendam,1,0,H,0,0,D
28/04/2024,13:30,Waalwijk,Utrecht,2,2,D,1,0,H
28/04/2024,15:45,Vitesse,For Sittard,3,2,H,1,1,D
03/05/2024,19:00,Almere City,Heerenveen,1,1,D,0,0,D
03/05/2024,19:00,For Sittard,Go Ahead Eagles,0,0,D,0,0,D
05/05/2024,11:15,Heracles,Waalwijk,0,5,A,0,2,A
05/05/2024,11:15,PSV Eindhoven,Sparta Rotterdam,4,2,H,2,2,D
05/05/2024,13:30,Utrecht,Vitesse,1,0,H,0,0,D
05/05/2024,13:30,Volendam,Ajax,1,4,A,0,1,A
05/05/2024,15:45,AZ Alkmaar,Twente,2,1,H,0,1,A
05/05/2024,19:00,Feyenoord,Zwolle,5,0,H,2,0,H
06/05/2024,19:00,Excelsior,Nijmegen,0,3,A,0,0,D
12/05/2024,13:30,Ajax,Almere City,3,0,H,3,0,H
12/05/2024,13:30,Excelsior,Heracles,4,0,H,1,0,H
12/05/2024,13:30,For Sittard,PSV Eindhoven,1,1,D,1,0,H
12/05/2024,13:30,Go Ahead Eagles,AZ Alkmaar,0,3,A,0,2,A
12/05/2024,13:30,Heerenveen,Vitesse,1,3,A,1,1,D
12/05/2024,13:30,Nijmegen,Feyenoord,2,3,A,0,1,A
12/05/2024,13:30,Twente,Volendam,7,2,H,5,2,H
12/05/2024,13:30,Utrecht,Sparta Rotterdam,0,1,A,0,0,D
12/05/2024,13:30,Waalwijk,Zwolle,1,1,D,0,0,D
19/05/2024,13:30,Almere City,Nijmegen,1,4,A,1,2,A
19/05/2024,13:30,AZ Alkmaar,Utrecht,3,3,D,3,0,H
19/05/2024,13:30,Feyenoord,Excelsior,4,0,H,0,0,D
19/05/2024,13:30,Heracles,For Sittard,0,0,D,0,0,D
19/05/2024,13:30,PSV Eindhoven,Waalwijk,3,1,H,1,1,D
19/05/2024,13:30,Sparta Rotterdam,Heerenveen,2,1,H,0,0,D
19/05/2024,13:30,Vitesse,Ajax,2,2,D,1,1,D
19/05/2024,13:30,Volendam,Go Ahead Eagles,1,2,A,1,1,D
19/05/2024,13:30,Zwolle,Twente,1,2,A,0,0,D
09/08/2024,19:00,Groningen,NAC Breda,4,1,H,3,0,H
10/08/2024,15:30,Feyenoord,Willem II,1,1,D,1,0,H
10/08/2024,17:45,Nijmegen,Twente,1,2,A,1,1,D
10/08/2024,19:00,Almere City,AZ Alkmaar,0,1,A,0,1,A
10/08/2024,20:00,PSV Eindhoven,Waalwijk,5,1,H,3,0,H
11/08/2024,11:15,Sparta Rotterdam,Heracles,0,0,D,0,0,D
11/08/2024,13:30,Go Ahead Eagles,For Sittard,0,2,A,0,0,D
11/08/2024,13:30,Utrecht,Zwolle,1,0,H,1,0,H
11/08/2024,15:45,Ajax,Heerenveen,1,0,H,1,0,H
16/08/2024,19:00,For Sittard,Almere City,3,0,H,1,0,H
17/08/2024,15:30,Heerenveen,Utrecht,1,1,D,0,1,A
17/08/2024,17:45,Twente,Sparta Rotterdam,1,1,D,0,0,D
17/08/2024,19:00,AZ Alkmaar,Nijmegen,1,0,H,1,0,H
17/08/2024,20:00,Waalwijk,Groningen,1,2,A,0,1,A
18/08/2024,11:15,Heracles,PSV Eindhoven,1,3,A,1,0,H
18/08/2024,13:30,Willem II,Go Ahead Eagles,2,0,H,2,0,H
18/08/2024,13:30,Zwolle,Feyenoord,1,5,A,0,1,A
18/08/2024,15:45,NAC Breda,Ajax,2,1,H,0,0,D
24/08/2024,17:45,Nijmegen,Zwolle,1,0,H,0,0,D
24/08/2024,19:00,Almere City,PSV Eindhoven,1,7,A,0,2,A
24/08/2024,20:00,NAC Breda,Utrecht,1,2,A,1,0,H
25/08/2024,11:15,Groningen,AZ Alkmaar,0,0,D,0,0,D
25/08/2024,13:30,Heracles,Willem II,1,1,D,1,1,D
25/08/2024,13:30,Sparta Rotterdam,Feyenoord,1,1,D,1,0,H
25/08/2024,15:45,Go Ahead Eagles,Waalwijk,2,0,H,1,0,H
30/08/2024,19:00,Waalwijk,AZ Alkmaar,0,3,A,0,2,A
31/08/2024,15:30,Almere City,Groningen,1,1,D,1,0,H
31/08/2024,17:45,For Sittard,Nijmegen,0,3,A,0,2,A
31/08/2024,19:00,Heerenveen,NAC Breda,4,0,H,0,0,D
31/08/2024,20:00,Willem II,Sparta Rotterdam,1,2,A,0,0,D
01/09/2024,11:15,Utrecht,Twente,2,1,H,1,1,D
01/09/2024,13:30,Zwolle,Heracles,3,0,H,1,0,H
01/09/2024,15:45,PSV Eindhoven,Go Ahead Eagles,3,0,H,2,0,H
14/09/2024,15:30,PSV Eindhoven,Nijmegen,2,0,H,2,0,H
14/09/2024,15:30,Twente,Zwolle,1,1,D,0,1,A
14/09/2024,17:45,Groningen,Feyenoord,2,2,D,0,1,A
14/09/2024,19:00,NAC Breda,For Sittard,1,0,H,0,0,D
14/09/2024,20:00,AZ Alkmaar,Heerenveen,9,1,H,2,1,H
15/09/2024,11:15,Sparta Rotterdam,Go Ahead Eagles,1,2,A,0,1,A
15/09/2024,13:30,Willem II,Waalwijk,3,0,H,2,0,H
15/09/2024,15:45,Heracles,Almere City,0,0,D,0,0,D
17/09/2024,19:00,Twente,Heerenveen,2,0,H,2,0,H
18/09/2024,19:00,Ajax,For Sittard,5,0,H,2,0,H
20/09/2024,19:00,Zwolle,AZ Alkmaar,1,2,A,0,1,A
21/09/2024,15:30,Utrecht,Willem II,3,2,H,2,2,D
21/09/2024,17:45,Waalwijk,Sparta Rotterdam,1,2,A,0,1,A
21/09/2024,19:00,Go Ahead Eagles,Ajax,1,1,D,0,0,D
21/09/2024,20:00,Nijmegen,Heracles,1,2,A,1,2,A
22/09/2024,11:15,Heerenveen,Groningen,2,1,H,1,1,D
22/09/2024,13:30,Almere City,Twente,0,5,A,0,2,A
22/09/2024,13:30,Feyenoord,NAC Breda,2,0,H,1,0,H
22/09/2024,15:45,For Sittard,PSV Eindhoven,1,3,A,1,1,D
27/09/2024,19:00,Heracles,Heerenveen,2,1,H,1,0,H
28/09/2024,15:30,Willem II,PSV Eindhoven,0,2,A,0,0,D
28/09/2024,17:45,Nijmegen,Feyenoord,1,1,D,1,0,H
28/09/2024,20:00,Sparta Rotterdam,For Sittard,1,1,D,1,1,D
29/09/2024,11:15,Zwolle,Almere City,1,0,H,0,0,D
29/09/2024,13:30,Groningen,Go Ahead Eagles,0,1,A,0,0,D
29/09/2024,13:30,Twente,NAC Breda,1,0,H,0,0,D
29/09/2024,15:45,Waalwijk,Ajax,0,2,A,0,0,D
29/09/2024,19:00,AZ Alkmaar,Utrecht,1,2,A,1,1,D
04/10/2024,19:00,Almere City,Willem II,0,1,A,0,0,D
05/10/2024,17:45,NAC Breda,Nijmegen,1,0,H,0,0,D
05/10/2024,19:00,PSV Eindhoven,Sparta Rotterdam,2,1,H,2,1,H
05/10/2024,20:00,Utrecht,Waalwijk,3,2,H,1,1,D
06/10/2024,11:15,Go Ahead Eagles,Heracles,4,1,H,0,1,A
06/10/2024,13:30,Feyenoord,Twente,2,1,H,2,0,H
06/10/2024,13:30,Heerenveen,Zwolle,1,1,D,1,1,D
06/10/2024,15:45,Ajax,Groningen,3,1,H,1,0,H
06/10/2024,19:00,For Sittard,AZ Alkmaar,1,0,H,0,0,D
19/10/2024,15:30,Sparta Rotterdam,Almere City,2,2,D,0,2,A
19/10/2024,17:45,AZ Alkmaar,PSV Eindhoven,1,2,A,0,2,A
19/10/2024,19:00,Nijmegen,Heerenveen,3,0,H,1,0,H
19/10/2024,19:00,Waalwijk,Twente,2,2,D,1,1,D
19/10/2024,20:00,Go Ahead Eagles,Feyenoord,1,5,A,0,3,A
20/10/2024,11:15,Willem II,For Sittard,0,0,D,0,0,D
20/10/2024,13:30,Groningen,Utrecht,0,1,A,0,1,A
20/10/2024,13:30,Heracles,Ajax,3,4,A,2,2,D
20/10/2024,15:45,Zwolle,NAC Breda,1,2,A,0,0,D
25/10/2024,19:00,Almere City,Nijmegen,1,0,H,0,0,D
26/10/2024,15:30,For Sittard,Groningen,1,0,H,0,0,D
26/10/2024,17:45,PSV Eindhoven,Zwolle,6,0,H,2,0,H
26/10/2024,19:00,NAC Breda,Waalwijk,4,1,H,2,1,H
26/10/2024,20:00,Heerenveen,Sparta Rotterdam,2,0,H,1,0,H
27/10/2024,11:15,Utrecht,Feyenoord,0,2,A,0,1,A
27/10/2024,13:30,Twente,Heracles,5,0,H,2,0,H
27/10/2024,15:45,Ajax,Willem II,1,0,H,1,0,H
27/10/2024,19:00,AZ Alkmaar,Go Ahead Eagles,2,2,D,1,0,H
30/10/2024,17:00,Feyenoord,Ajax,0,2,A,0,2,A
02/11/2024,15:30,Willem II,Twente,0,1,A,0,0,D
02/11/2024,17:45,Ajax,PSV Eindhoven,3,2,H,1,1,D
02/11/2024,17:45,Heracles,NAC Breda,2,0,H,1,0,H
02/11/2024,20:00,Feyenoord,AZ Alkmaar,3,2,H,0,1,A
02/11/2024,20:00,For Sittard,Heerenveen,3,0,H,1,0,H
03/11/2024,11:15,Go Ahead Eagles,Zwolle,2,2,D,0,2,A
03/11/2024,13:30,Nijmegen,Groningen,6,0,H,3,0,H
03/11/2024,13:30,Sparta Rotterdam,Utrecht,1,4,A,0,1,A
03/11/2024,15:45,Waalwijk,Almere City,2,0,H,1,0,H
08/11/2024,19:00,Utrecht,Heracles,1,0,H,0,0,D
09/11/2024,15:30,Groningen,Sparta Rotterdam,1,0,H,1,0,H
09/11/2024,17:45,Zwolle,For Sittard,3,1,H,0,1,A
09/11/2024,19:00,NAC Breda,PSV Eindhoven,0,3,A,0,2,A
09/11/2024,20:00,Waalwijk,Nijmegen,0,3,A,0,0,D
10/11/2024,11:15,Almere City,Feyenoord,1,4,A,1,2,A
10/11/2024,13:30,Heerenveen,Go Ahead Eagles,1,0,H,1,0,H
10/11/2024,13:30,Twente,Ajax,2,2,D,1,0,H
10/11/2024,15:45,AZ Alkmaar,Willem II,1,2,A,0,2,A
23/11/2024,15:30,Go Ahead Eagles,Almere City,3,0,H,2,0,H
23/11/2024,17:45,Feyenoord,Heerenveen,3,0,H,2,0,H
23/11/2024,17:45,Heracles,Waalwijk,2,2,D,1,0,H
23/11/2024,20:00,For Sittard,Twente,1,2,A,0,1,A
23/11/2024,20:00,PSV Eindhoven,Groningen,5,0,H,2,0,H
24/11/2024,11:15,Nijmegen,Utrecht,1,2,A,0,1,A
24/11/2024,13:30,Sparta Rotterdam,AZ Alkmaar,1,2,A,1,1,D
24/11/2024,13:30,Willem II,NAC Breda,2,2,D,0,1,A
24/11/2024,15:45,Ajax,Zwolle,2,0,H,1,0,H
29/11/2024,19:00,Heerenveen,Waalwijk,1,1,D,1,0,H
30/11/2024,15:30,NAC Breda,Almere City,1,0,H,1,0,H
30/11/2024,17:45,Groningen,Willem II,2,0,H,1,0,H
30/11/2024,19:00,Feyenoord,For Sittard,1,1,D,0,1,A
30/11/2024,20:00,Zwolle,Sparta Rotterdam,1,0,H,0,0,D
01/12/2024,11:15,Utrecht,PSV Eindhoven,2,5,A,1,1,D
01/12/2024,13:30,AZ Alkmaar,Heracles,1,0,H,0,0,D
01/12/2024,13:30,Twente,Go Ahead Eagles,3,2,H,1,2,A
01/12/2024,15:45,Nijmegen,Ajax,1,2,A,1,1,D
04/12/2024,19:00,Ajax,Utrecht,2,2,D,2,1,H
06/12/2024,19:00,PSV Eindhoven,Twente,6,1,H,3,1,H
07/12/2024,15:30,Go Ahead Eagles,Nijmegen,5,0,H,4,0,H
07/12/2024,17:45,Sparta Rotterdam,NAC Breda,0,2,A,0,1,A
07/12/2024,19:00,Waalwijk,Feyenoord,2,3,A,1,1,D
07/12/2024,20:00,Heracles,For Sittard,2,2,D,1,2,A
08/12/2024,11:15,Groningen,Zwolle,0,0,D,0,0,D
08/12/2024,13:30,AZ Alkmaar,Ajax,2,1,H,0,0,D
08/12/2024,13:30,Willem II,Heerenveen,1,2,A,0,0,D
08/12/2024,15:45,Almere City,Utrecht,1,3,A,0,2,A
13/12/2024,19:00,Zwolle,Willem II,0,1,A,0,1,A
14/12/2024,17:45,Heerenveen,PSV Eindhoven,1,0,H,0,0,D
14/12/2024,19:00,For Sittard,Waalwijk,3,2,H,3,1,H
14/12/2024,20:00,Feyenoord,Heracles,5,2,H,3,1,H
15/12/2024,11:15,Utrecht,Go Ahead Eagles,3,3,D,1,1,D
15/12/2024,13:30,Nijmegen,Sparta Rotterdam,1,1,D,0,0,D
15/12/2024,13:30,Twente,Groningen,2,0,H,1,0,H
15/12/2024,15:45,Ajax,Almere City,3,0,H,2,0,H
15/12/2024,19:00,NAC Breda,AZ Alkmaar,1,2,A,1,0,H
20/12/2024,19:00,Waalwijk,Zwolle,1,1,D,1,1,D
21/12/2024,15:30,Go Ahead Eagles,NAC Breda,2,1,H,0,1,A
21/12/2024,17:45,Almere City,Heerenveen,3,0,H,0,0,D
21/12/2024,19:00,AZ Alkmaar,Twente,1,0,H,0,0,D
22/12/2024,11:15,Sparta Rotterdam,Ajax,0,2,A,0,0,D
22/12/2024,13:30,PSV Eindhoven,Feyenoord,3,0,H,2,0,H
22/12/2024,13:30,Utrecht,For Sittard,2,5,A,1,0,H
22/12/2024,15:45,Willem II,Nijmegen,4,1,H,2,1,H
10/01/2025,19:00,For Sittard,Go Ahead Eagles,0,3,A,0,1,A
11/01/2025,15:30,Heracles,Sparta Rotterdam,1,1,D,0,0,D
11/01/2025,17:45,Ajax,Waalwijk,2,1,H,2,0,H
11/01/2025,19:00,Zwolle,Nijmegen,0,1,A,0,1,A
11/01/2025,20:00,PSV Eindhoven,AZ Alkmaar,2,2,D,0,1,A
12/01/2025,11:15,Twente,Willem II,6,2,H,2,2,D
12/01/2025,13:30,Feyenoord,Utrecht,1,2,A,0,0,D
12/01/2025,13:30,Groningen,Almere City,0,0,D,0,0,D
12/01/2025,15:45,NAC Breda,Heerenveen,2,4,A,1,3,A
18/01/2025,15:30,Zwolle,PSV Eindhoven,3,1,H,2,1,H
18/01/2025,17:45,Utrecht,AZ Alkmaar,0,0,D,0,0,D
18/01/2025,19:00,Willem II,Feyenoord,1,1,D,0,1,A
18/01/2025,20:00,Go Ahead Eagles,Groningen,2,1,H,1,1,D
19/01/2025,11:15,NAC Breda,Twente,2,1,H,2,0,H
19/01/2025,13:30,Almere City,Heracles,0,2,A,0,1,A
19/01/2025,13:30,Heerenveen,Ajax,0,2,A,0,1,A
19/01/2025,15:45,Nijmegen,For Sittard,4,1,H,1,1,D
19/01/2025,19:00,Sparta Rotterdam,Waalwijk,1,1,D,1,1,D
24/01/2025,19:00,Heracles,Utrecht,1,1,D,0,0,D
25/01/2025,17:45,PSV Eindhoven,NAC Breda,3,2,H,2,1,H
25/01/2025,20:00,Groningen,Heerenveen,1,0,H,0,0,D
26/01/2025,11:15,For Sittard,Zwolle,1,4,A,0,2,A
26/01/2025,13:30,Waalwijk,Willem II,2,0,H,1,0,H
26/01/2025,15:45,AZ Alkmaar,Sparta Rotterdam,1,2,A,0,0,D
28/01/2025,20:00,Heracles,Groningen,1,1,D,1,0,H
31/01/2025,19:00,NAC Breda,Heracles,1,1,D,1,0,H
01/02/2025,17:45,Zwolle,Utrecht,3,3,D,2,0,H
01/02/2025,19:00,Heerenveen,For Sittard,2,2,D,1,1,D
01/02/2025,20:00,Nijmegen,PSV Eindhoven,3,3,D,0,0,D
02/02/2025,11:15,Almere City,Waalwijk,1,4,A,1,0,H
02/02/2025,13:30,Ajax,Feyenoord,2,1,H,1,0,H
02/02/2025,13:30,Go Ahead Eagles,Twente,2,2,D,1,0,H
02/02/2025,15:45,Sparta Rotterdam,Groningen,1,0,H,0,0,D
02/02/2025,19:00,Willem II,AZ Alkmaar,0,2,A,0,2,A
08/02/2025,15:30,Heracles,Go Ahead Eagles,4,2,H,1,1,D
08/02/2025,17:45,PSV Eindhoven,Willem II,1,1,D,0,0,D
08/02/2025,19:00,Groningen,Nijmegen,2,1,H,2,0,H
08/02/2025,20:00,Feyenoord,Sparta Rotterdam,3,0,H,1,0,H
09/02/2025,11:15,Utrecht,Almere City,0,1,A,0,1,A
09/02/2025,13:30,For Sittard,Ajax,0,2,A,0,0,D
09/02/2025,13:30,Waalwijk,NAC Breda,5,0,H,3,0,H
09/02/2025,15:45,AZ Alkmaar,Zwolle,2,0,H,1,0,H
09/02/2025,15:45,Heerenveen,Twente,3,3,D,1,2,A
14/02/2025,19:00,Go Ahead Eagles,Sparta Rotterdam,1,0,H,1,0,H
15/02/2025,15:30,PSV Eindhoven,Utrecht,2,2,D,1,1,D
15/02/2025,17:45,NAC Breda,Feyenoord,0,0,D,0,0,D
15/02/2025,20:00,Willem II,Groningen,1,3,A,0,3,A
16/02/2025,11:15,Nijmegen,Almere City,2,2,D,1,1,D
16/02/2025,13:30,Twente,Waalwijk,2,0,H,1,0,H
16/02/2025,13:30,Zwolle,Heerenveen,1,1,D,1,0,H
16/02/2025,15:45,Ajax,Heracles,4,0,H,2,0,H
22/02/2025,19:00,Feyenoord,Almere City,2,1,H,1,1,D
23/02/2025,13:30,Ajax,Go Ahead Eagles,2,0,H,0,0,D
23/02/2025,13:30,Twente,Nijmegen,2,0,H,1,0,H
23/02/2025,15:45,AZ Alkmaar,For Sittard,1,0,H,0,0,D
28/02/2025,19:00,Waalwijk,For Sittard,1,2,A,0,1,A
01/03/2025,15:30,Utrecht,NAC Breda,1,0,H,0,0,D
01/03/2025,17:45,Go Ahead Eagles,PSV Eindhoven,3,2,H,1,2,A
01/03/2025,19:00,Groningen,Twente,1,1,D,1,1,D
01/03/2025,20:00,Feyenoord,Nijmegen,0,0,D,0,0,D
02/03/2025,11:15,Heerenveen,AZ Alkmaar,3,1,H,1,0,H
02/03/2025,13:30,Almere City,Ajax,0,1,A,0,1,A
02/03/2025,13:30,Heracles,Zwolle,4,2,H,2,2,D
02/03/2025,15:45,Sparta Rotterdam,Willem II,4,0,H,1,0,H
07/03/2025,19:00,NAC Breda,Sparta Rotterdam,1,1,D,0,1,A
08/03/2025,15:30,For Sittard,Heracles,1,0,H,0,0,D
08/03/2025,19:00,PSV Eindhoven,Heerenveen,2,1,H,1,0,H
09/03/2025,11:15,Willem II,Utrecht,2,3,A,1,0,H
09/03/2025,13:30,Nijmegen,Go Ahead Eagles,2,3,A,0,1,A
09/03/2025,13:30,Zwolle,Ajax,0,1,A,0,0,D
09/03/2025,15:45,Twente,Almere City,1,0,H,1,0,H
14/03/2025,19:00,Almere City,NAC Breda,1,1,D,1,1,D
15/03/2025,15:30,Utrecht,Nijmegen,0,1,A,0,0,D
15/03/2025,17:45,Sparta Rotterdam,Zwolle,1,1,D,0,0,D
15/03/2025,19:00,Waalwijk,PSV Eindhoven,0,3,A,0,2,A
15/03/2025,20:00,Heerenveen,Heracles,1,1,D,1,1,D
16/03/2025,11:15,Go Ahead Eagles,Willem II,1,0,H,0,0,D
16/03/2025,13:30,Groningen,For Sittard,1,0,H,0,0,D
16/03/2025,13:30,Twente,Feyenoord,2,6,A,1,3,A
16/03/2025,15:45,Ajax,AZ Alkmaar,2,2,D,0,0,D
29/03/2025,15:30,NAC Breda,Groningen,1,1,D,0,0,D
29/03/2025,17:45,For Sittard,Sparta Rotterdam,0,3,A,0,2,A
29/03/2025,17:45,Willem II,Almere City,0,2,A,0,1,A
29/03/2025,20:00,Nijmegen,AZ Alkmaar,3,3,D,1,2,A
29/03/2025,20:00,Zwolle,Waalwijk,2,0,H,0,0,D
30/03/2025,11:15,Utrecht,Heerenveen,2,0,H,1,0,H
30/03/2025,13:30,Heracles,Twente,2,1,H,1,0,H
30/03/2025,13:30,PSV Eindhoven,Ajax,0,2,A,0,1,A
30/03/2025,15:45,Feyenoord,Go Ahead Eagles,3,2,H,1,1,D
01/04/2025,19:00,AZ Alkmaar,Waalwijk,2,2,D,1,0,H
02/04/2025,19:00,Feyenoord,Groningen,4,1,H,2,1,H
04/04/2025,19:00,Heerenveen,Willem II,3,1,H,2,0,H
05/04/2025,15:30,AZ Alkmaar,Feyenoord,0,1,A,0,1,A
05/04/2025,17:45,Twente,For Sittard,1,1,D,1,0,H
05/04/2025,19:00,Groningen,PSV Eindhoven,1,3,A,1,2,A
05/04/2025,20:00,Almere City,Zwolle,2,2,D,0,2,A
06/04/2025,11:15,Waalwijk,Heracles,0,0,D,0,0,D
06/04/2025,13:30,Go Ahead Eagles,Utrecht,2,2,D,2,2,D
06/04/2025,13:30,Sparta Rotterdam,Nijmegen,2,0,H,1,0,H
06/04/2025,15:45,Ajax,NAC Breda,3,1,H,2,1,H
11/04/2025,19:00,Nijmegen,Waalwijk,2,1,H,0,0,D
12/04/2025,15:30,For Sittard,Feyenoord,0,2,A,0,0,D
12/04/2025,17:45,Sparta Rotterdam,Heerenveen,3,1,H,1,0,H
12/04/2025,19:00,PSV Eindhoven,Almere City,5,0,H,4,0,H
12/04/2025,20:00,NAC Breda,Go Ahead Eagles,1,1,D,0,1,A
13/04/2025,11:15,Utrecht,Groningen,3,1,H,3,1,H
13/04/2025,13:30,Heracles,AZ Alkmaar,1,0,H,0,0,D
13/04/2025,13:30,Zwolle,Twente,1,1,D,0,0,D
13/04/2025,15:45,Willem II,Ajax,1,2,A,1,0,H
19/04/2025,19:00,Heerenveen,Almere City,2,1,H,2,1,H
20/04/2025,11:15,Utrecht,Ajax,4,0,H,1,0,H
23/04/2025,19:00,Groningen,Heracles,4,1,H,2,1,H
24/04/2025,17:45,AZ Alkmaar,NAC Breda,1,1,D,0,0,D
24/04/2025,20:00,Twente,PSV Eindhoven,1,3,A,1,1,D
25/04/2025,17:45,Waalwijk,Utrecht,0,4,A,0,3,A
25/04/2025,20:00,Feyenoord,Zwolle,4,0,H,3,0,H
27/04/2025,11:15,For Sittard,Willem II,1,0,H,0,0,D
27/04/2025,13:30,Ajax,Sparta Rotterdam,1,1,D,0,0,D
27/04/2025,13:30,Heerenveen,Nijmegen,1,0,H,0,0,D
27/04/2025,15:45,Almere City,Go Ahead Eagles,0,0,D,0,0,D
03/05/2025,15:30,Nijmegen,Willem II,1,1,D,0,1,A
03/05/2025,17:45,Heracles,Feyenoord,1,4,A,0,3,A
03/05/2025,19:00,Groningen,Waalwijk,6,1,H,2,0,H
03/05/2025,20:00,PSV Eindhoven,For Sittard,4,1,H,2,0,H
04/05/2025,11:15,NAC Breda,Zwolle,1,3,A,0,0,D
04/05/2025,13:30,Go Ahead Eagles,AZ Alkmaar,0,3,A,0,2,A
04/05/2025,13:30,Sparta Rotterdam,Twente,0,2,A,0,2,A
09/05/2025,19:00,Willem II,Heracles,1,2,A,0,1,A
10/05/2025,15:30,Waalwijk,Heerenveen,3,1,H,1,1,D
10/05/2025,17:45,For Sittard,NAC Breda,1,0,H,1,0,H
10/05/2025,20:00,Almere City,Sparta Rotterdam,0,3,A,0,0,D
11/05/2025,11:15,Zwolle,Go Ahead Eagles,1,1,D,0,0,D
11/05/2025,13:30,Feyenoord,PSV Eindhoven,2,3,A,2,0,H
11/05/2025,13:30,Twente,Utrecht,2,0,H,1,0,H
11/05/2025,15:45,Ajax,Nijmegen,0,3,A,0,0,D
11/05/2025,15:45,AZ Alkmaar,Groningen,3,0,H,2,0,H
14/05/2025,19:00,Almere City,For Sittard,1,1,D,1,0,H
14/05/2025,19:00,Feyenoord,Waalwijk,2,0,H,1,0,H
14/05/2025,19:00,Go Ahead Eagles,Heerenveen,1,0,H,0,0,D
14/05/2025,19:00,Groningen,Ajax,2,2,D,0,1,A
14/05/2025,19:00,Nijmegen,NAC Breda,3,0,H,1,0,H
14/05/2025,19:00,PSV Eindhoven,Heracles,4,1,H,4,0,H
14/05/2025,19:00,Twente,AZ Alkmaar,2,3,A,2,2,D
14/05/2025,19:00,Utrecht,Sparta Rotterdam,1,1,D,1,1,D
14/05/2025,19:00,Willem II,Zwolle,1,2,A,0,1,A
18/05/2025,13:30,Ajax,Twente,2,0,H,1,0,H
18/05/2025,13:30,AZ Alkmaar,Almere City,1,1,D,0,1,A
18/05/2025,13:30,For Sittard,Utrecht,0,0,D,0,0,D
18/05/2025,13:30,Heerenveen,Feyenoord,2,0,H,2,0,H
18/05/2025,13:30,Heracles,Nijmegen,1,2,A,0,0,D
18/05/2025,13:30,NAC Breda,Willem II,1,1,D,1,1,D
18/05/2025,13:30,Sparta Rotterdam,PSV Eindhoven,1,3,A,0,1,A
18/05/2025,13:30,Waalwijk,Go Ahead Eagles,5,3,H,1,1,D
18/05/2025,13:30,Zwolle,Groningen,2,0,H,1,0,H
08/08/2025,19:00,For Sittard,Go Ahead Eagles,2,2,D,1,1,D
09/08/2025,15:30,Nijmegen,Excelsior,5,0,H,1,0,H
09/08/2025,17:45,Feyenoord,NAC Breda,2,0,H,1,0,H
09/08/2025,19:00,Heerenveen,Volendam,1,1,D,1,0,H
09/08/2025,20:00,PSV Eindhoven,Sparta Rotterdam,6,1,H,3,0,H
10/08/2025,11:15,Zwolle,Twente,1,0,H,1,0,H
10/08/2025,13:30,Ajax,Telstar,2,0,H,1,0,H
10/08/2025,13:30,AZ Alkmaar,Groningen,4,1,H,3,1,H
10/08/2025,15:45,Utrecht,Heracles,4,0,H,1,0,H
15/08/2025,19:00,Telstar,Zwolle,0,2,A,0,1,A
16/08/2025,17:45,Excelsior,Feyenoord,1,2,A,1,2,A
16/08/2025,19:00,Heracles,Nijmegen,1,4,A,1,1,D
16/08/2025,20:00,Groningen,Heerenveen,2,1,H,1,1,D
17/08/2025,11:15,Go Ahead Eagles,Ajax,2,2,D,2,2,D
17/08/2025,13:30,Sparta Rotterdam,Utrecht,2,1,H,1,0,H
17/08/2025,13:30,Twente,PSV Eindhoven,0,2,A,0,1,A
17/08/2025,15:45,Volendam,AZ Alkmaar,2,2,D,1,1,D
17/08/2025,19:00,NAC Breda,For Sittard,2,1,H,1,0,H
23/08/2025,15:30,Go Ahead Eagles,Sparta Rotterdam,0,3,A,0,1,A
23/08/2025,17:45,PSV Eindhoven,Groningen,4,2,H,1,1,D
23/08/2025,20:00,Telstar,Volendam,2,2,D,2,0,H
24/08/2025,11:15,Heerenveen,Twente,1,2,A,0,1,A
24/08/2025,13:30,Nijmegen,NAC Breda,3,0,H,1,0,H
24/08/2025,13:30,Utrecht,Excelsior,4,1,H,2,0,H
24/08/2025,15:45,Ajax,Heracles,2,0,H,1,0,H